Date,Open,High,Low,Close,Volume (BTC),Volume (Currency),Weighted Price
2019-12-04,7299.2,7299.2,7299.19,7299.19,0.01329328,97.0302249522,7299.193649137
2019-12-03,7317.94,7415.0,7238.04,7300.43,2552.20229834,18683808.384018,7320.6612172436
2019-12-02,7411.75,7431.07,7140.08,7309.64,4324.30016255,31520978.016632,7289.2668944712
2019-12-01,7560.2,7560.2,7233.87,7412.66,5477.97290774,40318302.9446,7360.0770985254
2019-11-30,7753.69,7815.0,7452.08,7550.67,5446.27351349,41571365.443102,7632.9926031319
2019-11-29,7429.32,7870.35,7411.17,7753.69,7658.87160206,58602440.283675,7651.5762802333
2019-11-28,7517.82,7659.92,7372.19,7436.72,6925.58489749,52090533.131563,7521.463371338
2019-11-27,7168.74,7676.27,6847.72,7527.84,15156.9919345,110349122.50872,7280.4104525216
2019-11-26,7127.12,7344.91,7018.78,7159.22,7643.84956815,54566242.208836,7138.5813813239
2019-11-25,6900.9,7380.0,6515.0,7122.14,18716.60131311,129366591.35888,6911.863387733
2019-11-24,7330.98,7349.68,6861.96,6908.36,6047.01776023,42914524.551922,7096.80808847
2019-11-23,7276.21,7356.49,7102.16,7320.39,5550.47222776,40106431.409054,7225.7692252682
2019-11-22,7612.23,7714.7,6785.0,7285.85,20120.14646602,144885449.40783,7201.0136532815
2019-11-21,8085.54,8116.92,7394.09,7611.51,9374.99957046,72431853.922444,7726.0647723838
2019-11-20,8124.08,8231.04,8027.28,8088.44,2996.00619203,24265795.692426,8099.3810216341
2019-11-19,8176.9,8197.77,7989.15,8121.63,4412.39464174,35731334.204856,8097.9461507925
2019-11-18,8499.53,8508.4,8010.7,8170.65,4825.65562506,40088282.10719,8307.3234440951
2019-11-17,8485.61,8631.6,8375.0,8499.31,2074.00770126,17668226.912748,8518.8820186223
2019-11-16,8459.38,8539.53,8423.0,8484.63,1180.57339029,10004652.278465,8474.4009654555
2019-11-15,8632.07,8799.03,8363.0,8463.49,5213.70141434,44596817.587135,8553.772846384
2019-11-14,8765.53,8791.78,8555.0,8636.9,3412.80581524,29480031.555601,8638.0629756189
2019-11-13,8817.0,8839.46,8700.0,8755.24,3185.82098874,27877490.136393,8750.4885663456
2019-11-12,8720.36,8872.47,8549.0,8813.91,4721.90610684,41173319.735119,8719.6396547312
2019-11-11,9029.88,9075.32,8593.0,8720.36,6392.97505953,55913644.287534,8746.1070576498
2019-11-10,8806.85,9142.33,8750.85,9024.49,2663.27825012,23900855.54209,8974.223981671
2019-11-09,8760.38,8876.94,8720.0,8812.21,2271.51792167,20011709.541787,8809.8400417088
2019-11-08,9209.3,9253.39,8661.0,8767.37,9699.74677043,86368731.972746,8904.225441848
2019-11-07,9346.02,9373.48,9080.0,9199.36,3975.97661681,36653215.870635,9218.6698774006
2019-11-06,9319.1,9448.19,9254.68,9344.78,4670.23465673,43617190.043001,9339.4001049063
2019-11-05,9410.76,9485.0,9165.2,9320.14,4979.57899177,46449230.61298,9327.9433240741
2019-11-04,9207.0,9586.5,9122.33,9410.76,4962.44231548,46348340.769898,9339.8245910723
2019-11-03,9304.75,9384.32,9067.0,9207.0,2539.21833111,23311544.33509,9180.5986312725
2019-11-02,9250.7,9396.91,9201.19,9304.75,2701.13696278,25075118.408939,9283.1717733897
2019-11-01,9158.08,9303.53,9054.6,9250.45,6640.55238456,60832091.537001,9160.6974863179
2019-10-31,9169.55,9438.61,8961.53,9150.07,10113.15940929,92792853.945449,9175.4564711211
2019-10-30,9426.94,9437.06,8985.25,9159.94,8814.43804818,80752701.084075,9161.412292273
2019-10-29,9216.39,9573.35,9051.48,9426.94,9059.61157854,85007062.386999,9383.0802402567
2019-10-28,9547.32,9950.0,9177.84,9216.44,14722.01859796,139923976.27999,9504.4015430994
2019-10-27,9262.72,9819.92,9092.66,9557.08,17783.02515594,169009332.26185,9503.969700307
2019-10-26,8677.09,10350.0,8642.46,9252.75,38751.80025476,364431123.24832,9404.2372445278
2019-10-25,7427.0,8784.29,7393.14,8662.66,19113.79549622,157079122.09954,8218.1020577837
2019-10-24,7470.77,7512.0,7356.0,7435.0,4997.4230935,37210305.425471,7445.8985619746
2019-10-23,8021.57,8052.04,7293.55,7470.77,13306.18266092,100801574.41861,7575.5441652445
2019-10-22,8206.53,8314.77,7989.15,8025.9,5678.93483059,46474242.555902,8183.6196297878
2019-10-21,8236.49,8352.0,8156.0,8213.65,4919.73416831,40461008.135502,8224.2265031569
2019-10-20,7965.39,8314.77,7874.68,8235.74,6358.92499072,51422182.223602,8086.6156305737
2019-10-19,7950.48,8096.76,7875.0,7960.49,3461.12529207,27557421.104747,7961.983106444
2019-10-18,8069.26,8120.77,7811.62,7955.08,5611.09353737,44500999.582116,7930.8960518549
2019-10-17,7995.73,8130.71,7936.71,8073.32,5395.88599206,43466038.755482,8055.4034720975
2019-10-16,8162.45,8179.1,7912.66,7995.89,8644.40011646,69316753.565723,8018.6887038853
2019-10-15,8353.33,8420.85,8086.0,8155.13,5044.66127938,41647353.507026,8255.7284226909
2019-10-14,8278.39,8416.67,8215.41,8362.99,4294.6073892,35705415.187484,8314.0114920109
2019-10-13,8303.43,8474.48,8132.91,8282.96,4445.28381368,37082713.918164,8342.0351708579
2019-10-12,8265.16,8427.76,8254.68,8303.43,1828.83312447,15246382.979177,8336.6725893024
2019-10-11,8589.08,8820.0,8222.88,8265.55,7824.58718752,66027648.855724,8438.483369581
2019-10-10,8586.57,8666.84,8450.61,8582.11,7435.43199033,63608562.979177,8554.7905033497
2019-10-09,8185.85,8707.8,8110.0,8586.34,11634.19484623,98328556.671997,8451.6855675543
2019-10-08,8211.04,8344.12,8109.74,8178.54,3577.72287319,29364663.637798,8207.6406358482
2019-10-07,7863.75,8313.7,7763.54,8205.53,9363.32718459,75585498.648182,8072.5042667077
2019-10-06,8150.73,8176.46,7772.71,7854.12,6454.53572694,51315707.402635,7950.3328470944
2019-10-05,8157.89,8195.0,8016.26,8145.17,4445.10406787,36017535.44823,8102.7429050697
2019-10-04,8243.39,8244.93,7986.65,8152.07,6278.78141904,51161374.456939,8148.2967860286
2019-10-03,8377.68,8419.23,8029.14,8239.92,8701.12039607,71397271.088847,8205.5261666181
2019-10-02,8326.41,8393.39,8170.91,8373.42,4952.5341152,40874459.882581,8253.2414581723
2019-10-01,8304.47,8531.25,8195.42,8319.01,10224.59198253,85718023.200365,8383.5152881235
2019-09-30,8060.13,8368.5,7714.7,8298.45,9518.99210777,76794640.313073,8067.5180148945
2019-09-29,8218.07,8244.07,7902.66,8047.6,5366.5707177,43218226.927022,8053.2297439928
2019-09-28,8199.96,8356.4,8009.84,8218.07,6315.48953894,51567016.489038,8165.1653717556
2019-09-27,8055.25,8294.04,7866.0,8187.72,10165.85293694,81670753.093408,8033.8318486429
2019-09-26,8443.44,8467.89,7733.99,8055.03,16662.32021152,135420525.36522,8127.3510319165
2019-09-25,8536.71,8746.83,8216.0,8432.16,17435.8678913,147110144.95135,8437.213786459
2019-09-24,9685.69,9782.0,7998.0,8536.82,28154.41355726,248668254.70055,8832.3009887884
2019-09-23,10022.38,10048.06,9606.0,9682.19,5447.96313246,53515870.749389,9823.0970820142
2019-09-22,9973.0,10093.24,9842.35,10020.58,3213.9540957,32059845.815176,9975.2033976059
2019-09-21,10169.02,10180.43,9913.35,9985.28,4148.89981496,41546389.892938,10013.83300294
2019-09-20,10284.72,10308.04,10055.0,10169.02,4463.38202069,45340500.132059,10158.328353227
2019-09-19,10161.59,10380.07,9600.0,10271.53,7455.91141166,74330211.452767,9969.2991706587
2019-09-18,10182.96,10263.65,10080.0,10152.09,3952.00683587,40255745.61632,10186.152830239
2019-09-17,10257.2,10280.53,10130.59,10195.73,5078.59865576,51836062.119704,10206.764824961
2019-09-16,10320.36,10378.07,10060.95,10269.98,5496.03749388,56202919.44455,10226.080063525
2019-09-15,10362.52,10383.2,10258.49,10305.74,2297.72276878,23678550.436674,10305.225137864
2019-09-14,10365.81,10441.47,10217.01,10355.37,2656.15453049,27508865.401685,10356.650972641
2019-09-13,10423.99,10458.13,10153.87,10368.65,3755.41742244,38681903.561508,10300.294004701
2019-09-12,10163.81,10465.0,10027.52,10420.34,4719.04668642,48386409.646392,10253.42889394
2019-09-11,10093.39,10243.01,9855.11,10154.46,4614.34849343,46415583.396864,10058.967904776
2019-09-10,10317.62,10390.09,9910.0,10096.0,4658.92141056,47153844.309828,10121.193330917
2019-09-09,10387.33,10542.93,10060.0,10307.45,6059.76274364,62421152.934118,10300.923579827
2019-09-08,10497.57,10594.88,10229.49,10400.18,3130.86103548,32602031.643458,10413.119992871
2019-09-07,10309.04,10580.0,10297.58,10484.39,3148.50895336,32951131.733718,10465.630627651
2019-09-06,10573.04,10949.0,10204.18,10311.09,10701.50994422,113795476.16698,10633.590657778
2019-09-05,10586.26,10664.13,10461.97,10573.66,4555.62463429,48103450.418882,10559.133879646
2019-09-04,10617.72,10834.15,10378.7,10586.26,10088.7236301,106597637.78674,10566.018229373
2019-09-03,10384.07,10783.0,10286.0,10617.61,11443.53849727,120927751.36613,10567.339061688
2019-09-02,9767.56,10471.0,9753.24,10384.48,6144.79883515,62231973.855006,10127.585218742
2019-09-01,9593.5,9832.0,9538.75,9767.53,1799.36720121,17385154.884313,9661.8160387842
2019-08-31,9569.3,9682.73,9443.19,9594.15,1572.15542709,15068565.554893,9584.6538422632
2019-08-30,9490.56,9700.0,9350.1,9579.75,5317.3097001,50745922.278065,9543.5333166904
2019-08-29,9720.2,9720.2,9320.0,9490.0,7717.10637568,73190665.171874,9484.2109994142
2019-08-28,10171.39,10280.71,9555.0,9711.78,9303.15591906,92139450.455282,9904.1068704985
2019-08-27,10355.11,10375.53,10019.1,10167.29,4781.3350218,48582567.25003,10160.87913282
2019-08-26,10136.75,10650.0,10136.75,10360.97,7166.67534085,74427752.304002,10385.255193543
2019-08-25,10149.38,10355.89,9907.86,10136.75,3953.39528117,39932862.822341,10100.903143316
2019-08-24,10401.87,10432.0,9885.48,10149.7,5106.55673687,51560324.934771,10096.886726529
2019-08-23,10112.45,10479.0,10051.0,10401.6,5557.29144342,57205208.908666,10293.721229323
2019-08-22,10123.56,10238.29,9755.53,10112.01,6710.30664788,67141742.797917,10005.763718582
2019-08-21,10778.75,10807.54,9853.45,10134.75,9812.62171129,99715196.708438,10161.932217738
2019-08-20,10927.3,10955.48,10549.74,10772.22,5883.59995275,63258208.571566,10751.616200894
2019-08-19,10318.99,10940.0,10267.56,10927.3,8044.02134828,85921192.474514,10681.373004174
2019-08-18,10221.94,10515.0,10065.41,10318.99,3398.41986671,35070670.108016,10319.699002339
2019-08-17,10351.18,10472.93,9974.51,10210.89,3907.52839849,39960850.308861,10226.630809466
2019-08-16,10294.9,10540.0,9736.96,10354.34,11080.39966131,112415461.63206,10145.433835261
2019-08-15,10022.5,10444.66,9467.57,10301.44,15083.17326332,149955048.45482,9941.8766752142
2019-08-14,10862.25,10862.25,9888.57,10022.99,12678.9411947,131558630.9662,10376.152783262
2019-08-13,11380.61,11446.94,10738.58,10862.28,9003.17888634,99425694.617022,11043.398767504
2019-08-12,11527.44,11551.57,11194.04,11385.11,3417.70935664,38863136.432719,11371.106310493
2019-08-11,11273.03,11589.73,11080.37,11528.73,4361.39069182,49596364.040399,11371.685672054
2019-08-10,11859.32,11976.68,11200.0,11273.2,7447.24834124,85889772.904154,11533.088325863
2019-08-09,11985.6,12040.0,11650.0,11859.32,7336.91484905,86686857.779352,11815.164761054
2019-08-08,11973.46,12061.1,11450.93,11983.43,10144.46210884,119651274.83731,11794.738208253
2019-08-07,11471.58,12145.42,11388.01,11971.57,15480.45524249,182167600.36743,11767.586774026
2019-08-06,11800.0,12325.0,11200.0,11470.0,16420.57916354,193547554.61798,11786.88965172
2019-08-05,10986.55,11959.36,10986.55,11800.0,17260.45577332,201353715.35596,11665.608255096
2019-08-04,10812.58,11085.99,10564.96,10986.96,7556.32923024,81929591.534257,10842.512156085
2019-08-03,10529.51,10919.0,10502.8,10821.52,6996.11722818,75441657.319986,10783.360950001
2019-08-02,10416.79,10670.0,10318.47,10529.51,9286.86172741,97381562.113235,10485.949395135
2019-08-01,10096.01,10499.0,9878.09,10407.71,7681.73235986,77733048.800718,10119.208162849
2019-07-31,9592.26,10143.2,9574.09,10085.34,7917.5084772,78200173.686343,9876.866429829
2019-07-30,9508.21,9775.0,9373.48,9593.62,5533.97118529,52939667.091004,9566.3069644678
2019-07-29,9538.73,9725.17,9360.0,9495.39,5068.6543093,48310068.326537,9531.142859338
2019-07-28,9467.84,9634.5,9111.0,9533.19,3860.8348169,36403147.173248,9428.8279348032
2019-07-27,9846.94,10235.0,9299.0,9481.37,9614.10207519,92385636.332203,9609.3879188793
2019-07-26,9886.08,9897.46,9650.0,9846.94,5570.10914746,54443100.836409,9774.1533235907
2019-07-25,9781.52,10187.0,9734.19,9883.96,6377.95751785,63834998.119443,10008.689763265
2019-07-24,9841.42,9911.5,9514.96,9763.67,9433.34520017,91609723.743955,9711.2659189345
2019-07-23,10315.87,10327.33,9801.88,9847.02,9040.84882621,90667673.973497,10028.668293916
2019-07-22,10605.03,10686.89,10052.25,10328.83,9371.30644231,97152157.16193,10366.981141851
2019-07-21,10757.15,10839.09,10325.0,10600.24,5628.16176664,59511306.03947,10573.844268694
2019-07-20,10533.71,11120.0,10359.17,10750.11,9964.67388282,106763959.49013,10714.245217217
2019-07-19,10638.44,10776.99,10102.58,10535.43,13787.45646718,143864052.15268,10434.415694812
2019-07-18,9712.15,10797.0,9280.33,10648.6,18289.54217585,184684478.59116,10097.818568418
2019-07-17,9427.45,9993.0,9049.54,9699.35,16992.78525932,161878855.06382,9526.3285325775
2019-07-16,10848.27,11042.11,9366.0,9412.81,20761.02748001,207176966.82514,9979.1287798554
2019-07-15,10191.87,11080.37,9855.0,10850.0,16048.02718406,166452851.72252,10372.169102994
2019-07-14,11382.03,11467.3,10090.0,10191.87,12170.40823763,129392649.07219,10631.742711154
2019-07-13,11811.08,11846.61,10810.0,11378.79,9391.35341435,105947622.15865,11281.400825228
2019-07-12,11352.74,11942.39,11083.52,11808.91,9176.67942993,105982547.44891,11549.1173314
2019-07-11,12101.44,12104.97,10966.81,11349.24,18468.68600043,212707393.6462,11517.19151223
2019-07-10,12574.88,13200.0,11550.0,12098.95,19838.38994897,248386820.65223,12520.513070423
2019-07-09,12299.94,12883.48,12030.43,12567.23,15115.5523839,188848935.90091,12493.684061593
2019-07-08,11478.43,12398.0,11332.19,12286.14,11901.90089462,142163191.21873,11944.578641466
2019-07-07,11233.21,11627.0,11083.76,11469.96,6683.05546715,75851416.718673,11349.811039503
2019-07-06,10996.82,11735.0,10982.89,11240.0,7892.17866812,90077908.728894,11413.566838364
2019-07-05,11144.82,11440.0,10769.15,10997.84,11893.4379497,132207381.38165,11115.993705166
2019-07-04,11970.0,12061.04,11052.74,11146.34,11185.29420376,130996748.89728,11711.515719743
2019-07-03,10830.1,12009.0,10830.1,11967.43,19389.85475767,220385744.07776,11366.033775502
2019-07-02,10581.78,10942.63,9614.08,10828.9,20285.24655295,206617402.08237,10185.599743293
2019-07-01,10759.24,11200.41,9950.0,10577.43,22917.43710404,243205448.54375,10612.244617042
2019-06-30,11867.35,12200.06,10651.3,10760.1,12642.61772277,142891926.13428,11302.400283521
2019-06-29,12354.45,12386.76,11317.03,11858.62,12265.99736052,144889140.81325,11812.259252525
2019-06-28,11153.73,12447.46,10739.1,12354.43,18718.10158772,218180576.57894,11656.127388585
2019-06-27,12927.44,13355.61,10300.0,11153.74,36106.96055323,417050294.02977,11550.412652844
2019-06-26,11760.0,13880.0,11647.07,12920.54,37487.80242579,476983027.9354,12723.686027732
2019-06-25,11030.0,11796.37,11000.02,11751.01,12133.57175867,137485305.05101,11330.983801432
2019-06-24,10827.23,11099.0,10551.51,11029.63,8247.39381098,89425712.758197,10842.905626641
2019-06-23,10665.66,11247.62,10483.33,10831.95,7270.6458116,78614343.382654,10812.566781513
2019-06-22,10222.13,11200.0,10085.5,10661.3,13709.30032222,146874837.08249,10713.518095773
2019-06-21,9534.99,10229.49,9534.97,10222.12,12553.09963424,123290085.48576,9821.4854560282
2019-06-20,9280.17,9600.0,9211.08,9534.99,7870.31583938,73844684.380004,9382.6837304946
2019-06-19,9076.51,9325.85,9036.19,9278.27,4687.25984305,42898235.430839,9152.0924521489
2019-06-18,9333.48,9361.87,8918.0,9078.84,11327.45394298,103380451.49636,9126.5391160941
2019-06-17,8973.02,9477.7,8973.02,9333.48,12760.96069746,118055249.83383,9251.28230019
2019-06-16,8857.19,9391.85,8805.0,8974.19,15018.85335613,136949106.52573,9118.4795056163
2019-06-15,8694.74,8911.98,8623.52,8857.19,5275.7530691,46136638.046372,8745.0336363531
2019-06-14,8235.44,8737.37,8174.92,8697.54,8678.2503063,72939450.898252,8404.8567768668
2019-06-13,8171.12,8335.56,8049.22,8238.0,7237.80039095,59224703.035384,8182.6936135788
2019-06-12,7915.7,8266.0,7821.73,8176.27,8577.16249687,69114902.531186,8058.0148220822
2019-06-11,8017.99,8057.32,7713.34,7919.1,5552.68803771,43736594.887095,7876.6526392383
2019-06-10,7629.98,8090.0,7523.16,8021.1,7150.59429755,56100688.224005,7845.5979866214
2019-06-09,7933.17,7966.58,7511.41,7632.99,3895.84810538,30121891.877318,7731.7931968962
2019-06-08,8002.68,8061.12,7777.67,7932.27,4870.11556741,38536604.546195,7912.8727055423
2019-06-07,7801.97,8134.99,7758.93,8001.25,9012.09615945,71665291.076446,7952.1223263135
2019-06-06,7784.62,7878.62,7449.68,7806.07,8738.66635896,67238735.506705,7694.3932569029
2019-06-05,7673.41,7924.48,7570.9,7785.94,9193.71188764,71403852.939905,7766.5967579319
2019-06-04,8103.63,8103.63,7432.84,7665.53,15485.70215021,120977317.95653,7812.1945510164
2019-06-03,8735.84,8745.96,8049.22,8103.64,9955.03261894,84089274.151653,8446.9109615641
2019-06-02,8560.1,8833.97,8546.01,8734.49,4263.0361653,37098988.768094,8702.4804223033
2019-06-01,8545.8,8624.72,8457.33,8556.27,5167.05130706,44144370.366347,8543.4356546897
2019-05-31,8277.76,8589.99,8109.74,8547.2,9957.91006545,83009912.016167,8336.0776980884
2019-05-30,8663.07,9096.79,8000.0,8277.76,15259.58792555,130901794.23144,8578.3308743394
2019-05-29,8715.35,8762.39,8421.12,8663.41,7584.25785894,65411714.731597,8624.6691434011
2019-05-28,8774.45,8817.41,8540.94,8717.96,6144.01124571,53514184.125441,8709.9749634747
2019-05-27,8733.27,8939.18,8653.68,8770.73,8948.02467376,78657195.09515,8790.4535316953
2019-05-26,8066.15,8802.29,7888.91,8733.26,8526.81164447,71863220.700701,8427.9122956008
2019-05-25,7999.02,8158.45,7939.76,8064.64,3361.65325124,27074799.566817,8054.013172486
2019-05-24,7880.4,8188.87,7795.95,7999.02,9358.97181211,75015715.38019,8015.3799889774
2019-05-23,7622.9,7980.0,7468.31,7880.22,8370.35625318,64573988.333091,7714.6045377171
2019-05-22,7949.18,8049.22,7505.69,7624.95,8396.82203697,65846626.429001,7841.8508977667
2019-05-21,8007.67,8117.48,7676.27,7955.16,7518.5556769,59705615.635612,7941.101748977
2019-05-20,8193.45,8199.97,7581.03,8005.64,13426.78750889,106107178.83688,7902.6482519833
2019-05-19,7257.82,8299.99,7247.86,8200.0,15595.26745165,123932797.57574,7946.8209160227
2019-05-18,7352.39,7493.85,7205.57,7260.12,7564.89968988,55459642.038958,7331.1800965649
2019-05-17,7879.28,7942.09,6178.0,7351.71,27307.57969969,195598026.61062,7162.7741733861
2019-05-16,8203.97,8390.95,7654.93,7880.0,17078.7037596,136561637.62996,7996.0188754485
2019-05-15,7991.72,8300.0,7838.0,8208.69,16613.07123458,133855606.84237,8057.2463063752
2019-05-14,7810.72,8335.56,7618.99,7986.0,18881.44115957,151041058.58097,7999.4454504026
2019-05-13,6968.84,8167.5,6863.75,7810.05,27299.34473923,207721775.30129,7609.0388720132
2019-05-12,7214.4,7585.0,6762.57,6974.35,27398.21436403,196853127.64814,7184.8889505215
2019-05-11,6338.93,7445.0,6338.93,7217.47,22331.43531269,154120013.55663,6901.4826587994
2019-05-10,6151.66,6426.8,6105.0,6342.84,13821.71360689,86993043.924509,6293.9405632847
2019-05-09,5945.32,6172.0,5932.83,6156.7,9081.24077807,54837077.64073,6038.5005728682
2019-05-08,5751.54,5986.0,5658.66,5940.89,6320.4135454,36919597.990805,5841.3263191734
2019-05-07,5686.88,5970.0,5686.88,5751.54,10741.56186069,62963390.900756,5861.6606893247
2019-05-06,5714.4,5755.79,5562.44,5685.46,6826.98087533,38600438.323735,5654.1008432032
2019-05-05,5766.46,5782.55,5624.25,5709.32,5162.56182988,29525690.045663,5719.1934970684
2019-05-04,5659.82,5846.13,5510.0,5764.65,8525.45570755,48561070.882932,5696.0088174439
2019-05-03,5385.0,5796.56,5363.1,5658.22,12700.58899257,71710767.75869,5646.2552878959
2019-05-02,5322.28,5422.94,5304.99,5385.0,5908.52172325,31718265.128451,5368.2234938123
2019-05-01,5267.86,5357.96,5263.03,5318.42,4209.28441353,22327344.492317,5304.3088322922
2019-04-30,5150.21,5287.4,5127.05,5269.0,5055.2728357,26344656.303777,5211.3223479716
2019-04-29,5152.98,5191.96,5071.58,5149.11,5753.61513714,29624138.313865,5148.786911839
2019-04-28,5171.51,5213.23,5099.0,5160.98,3957.25435637,20435452.586173,5164.0482885002
2019-04-27,5154.11,5218.31,5113.0,5168.91,4041.33355341,20859890.05744,5161.635331941
2019-04-26,5132.5,5291.48,5046.31,5155.19,15033.1017793,77511527.50102,5156.0568563269
2019-04-25,5440.95,5510.0,4991.42,5132.55,9893.93590864,52721094.596164,5328.6270583302
2019-04-24,5531.29,5623.3,5372.0,5440.95,10521.03763127,57671142.739722,5481.5071251447
2019-04-23,5388.22,5627.0,5363.24,5531.32,10132.40317154,56135134.055668,5540.1599309965
2019-04-22,5295.96,5439.12,5249.0,5386.8,7127.11186779,38003121.437951,5332.1909551751
2019-04-21,5318.94,5346.91,5212.8,5295.65,4631.03916752,24426951.871617,5274.615693803
2019-04-20,5289.91,5362.97,5253.82,5318.89,3665.56962108,19479087.787234,5314.0684261496
2019-04-19,5283.0,5357.96,5180.37,5289.91,5285.60637017,27787551.0216,5257.2115809499
2019-04-18,5227.6,5325.0,5218.23,5281.58,6375.89568714,33581379.579609,5266.927382037
2019-04-17,5201.47,5275.07,5170.01,5233.72,6741.07720986,35182213.532752,5219.0788560161
2019-04-16,5027.33,5231.96,5014.77,5202.43,7675.40412015,39252097.870724,5114.0105792835
2019-04-15,5160.54,5192.01,4948.57,5027.31,7423.01375858,37886833.044323,5103.9691258191
2019-04-14,5064.0,5185.26,5012.73,5162.72,3443.44728316,17507405.650883,5084.26707634
2019-04-13,5075.74,5122.01,5033.73,5063.63,4520.43702971,22996133.339409,5087.1482532041
2019-04-12,5037.82,5122.48,4912.0,5076.35,8057.03847684,40611392.583746,5040.4863648702
2019-04-11,5323.47,5344.31,4966.87,5040.2,15052.95606333,77058519.384806,5119.1619148166
2019-04-10,5184.03,5466.06,5161.0,5323.47,10723.93474696,56733870.626023,5290.3968519676
2019-04-09,5287.97,5288.95,5136.01,5192.6,9410.35350033,49074999.202523,5215.0006055354
2019-04-08,5192.92,5347.37,5127.68,5287.88,13344.98151487,69911564.036683,5238.7906239347
2019-04-07,5041.92,5253.49,5028.3,5190.85,10872.51935616,55878707.921444,5139.4443266532
2019-04-06,5041.0,5240.0,4900.0,5041.39,10049.84478829,51017111.456312,5076.4078979366
2019-04-05,4911.14,5067.62,4883.83,5039.73,13023.7465161,64917443.581105,4984.5444627515
2019-04-04,4972.83,5077.35,4778.59,4907.94,15898.11514808,78840978.393557,4959.1399772368
2019-04-03,4899.01,5345.0,4800.5,4978.23,29321.27268405,148435658.4112,5062.3879805853
2019-04-02,4133.93,5080.0,4130.64,4899.63,30686.17351442,144785689.15766,4718.2712138947
2019-04-01,4092.02,4150.0,4052.56,4136.32,7232.98731201,29807202.333951,4121.0085194616
2019-03-31,4094.92,4101.7,4074.29,4096.08,2402.58820541,9822820.4101503,4088.4327942807
2019-03-30,4090.0,4130.36,4040.0,4094.92,3923.1364664,16028640.274923,4085.6698236734
2019-03-29,4011.0,4102.57,4005.0,4090.0,8391.03462414,34098247.13969,4063.6522987992
2019-03-28,4025.5,4025.56,3992.6,4012.23,3927.54682157,15744777.98888,4008.8072031146
2019-03-27,3922.58,4037.11,3912.19,4025.5,8151.67504888,32592640.136116,3998.275193832
2019-03-26,3910.0,3936.36,3879.5,3922.58,4315.60487708,16861151.71637,3907.0193394949
2019-03-25,3970.23,3980.22,3850.45,3910.51,6913.36709721,27189380.941671,3932.8709960511
2019-03-24,3979.19,3980.97,3942.04,3969.99,2204.06560941,8742092.0181728,3966.3483613416
2019-03-23,3980.4,4001.17,3957.11,3982.52,2259.5645261,8995643.7368622,3981.1404511597
2019-03-22,3974.5,4000.81,3958.94,3982.07,3453.36892821,13748642.554385,3981.2261128761
2019-03-21,4033.7,4055.35,3919.63,3974.21,7561.75989694,30251309.866876,4000.5647202734
2019-03-20,3999.5,4050.0,3962.6,4031.59,6244.95370182,24964948.949653,3997.6195407786
2019-03-19,3969.94,4012.63,3947.15,3998.13,5317.45055524,21153639.862115,3978.1545013652
2019-03-18,3965.63,4016.63,3929.83,3969.59,5420.23037801,21505812.161197,3967.693374888
2019-03-17,3990.0,3992.42,3927.28,3965.5,2711.95016796,10744212.340622,3961.8030108216
2019-03-16,3899.19,4040.0,3899.12,3990.0,6959.47788339,27724833.658135,3983.7519599431
2019-03-15,3857.33,3912.06,3843.09,3901.21,6411.98332751,24876260.543419,3879.6514701918
2019-03-14,3848.1,3903.98,3775.01,3854.77,5167.56617609,19886126.849496,3848.2578010336
2019-03-13,3861.37,3874.68,3820.0,3848.48,4275.54000025,16469275.854359,3851.975622587
2019-03-12,3848.86,3877.69,3791.07,3859.74,5794.61473428,22283818.221575,3845.6082489398
2019-03-11,3898.14,3912.89,3812.64,3849.25,6612.11516125,25515157.451467,3858.8495253375
2019-03-10,3916.42,3916.43,3862.0,3897.92,3000.60671855,11673773.426072,3890.4710017156
2019-03-09,3841.27,3950.25,3835.66,3916.43,5125.89830383,19985226.611043,3898.8730221414
2019-03-08,3856.78,3924.37,3760.1,3844.64,7707.39667049,29803213.615286,3866.8327179003
2019-03-07,3851.26,3891.04,3826.13,3856.64,7964.50825371,30756305.290595,3861.6703393167
2019-03-06,3844.07,3895.12,3808.8,3851.55,6402.67507493,24600354.344838,3842.1994021159
2019-03-05,3698.65,3877.1,3690.0,3844.07,7280.82397551,27498624.645562,3776.856127556
2019-03-04,3789.7,3806.9,3670.0,3698.66,7293.71962839,27105164.094072,3716.2333452698
2019-03-03,3810.47,3822.39,3756.0,3789.52,2508.08649072,9523416.4229435,3797.0845336397
2019-03-02,3805.0,3818.75,3760.0,3810.46,3259.74312485,12393751.743406,3802.0639261187
2019-03-01,3791.02,3845.3,3789.5,3807.05,4761.41015902,18170862.428681,3816.2774938131
2019-02-28,3796.49,3897.62,3755.0,3791.36,6747.88027166,25746719.71534,3815.5270512833
2019-02-27,3794.42,3822.85,3658.19,3798.47,7602.29984472,28706835.351447,3776.0724961913
2019-02-26,3817.93,3830.0,3760.09,3795.06,6543.16453722,24837831.571854,3795.9967887964
2019-02-25,3733.78,3861.81,3732.6,3820.71,8835.36224921,33543603.924853,3796.5171069078
2019-02-24,4113.56,4190.0,3714.42,3730.68,13737.01398845,53603410.049271,3902.1151244616
2019-02-23,3939.83,4157.87,3905.63,4113.53,7966.31721086,32028687.871303,4020.5137485161
2019-02-22,3900.64,3957.0,3882.59,3939.82,6593.85993401,25879991.768793,3924.8622245232
2019-02-21,3936.8,3989.99,3866.25,3900.4,8055.79892817,31475910.644637,3907.2363803136
2019-02-20,3889.92,3967.52,3861.49,3936.53,9854.35493853,38561744.9869,3913.1678559827
2019-02-19,3870.97,4000.0,3840.08,3888.46,12525.13651013,48910408.176585,3904.9800484831
2019-02-18,3625.6,3916.47,3614.82,3869.8,15567.08485429,58674557.93403,3769.1422949918
2019-02-17,3580.43,3663.34,3553.98,3625.6,5012.46127538,18011276.280984,3593.2998364399
2019-02-16,3566.29,3609.0,3561.96,3579.92,3442.47630393,12350121.591223,3587.5690929589
2019-02-15,3560.45,3620.53,3544.88,3566.29,6234.76805726,22272512.647559,3572.3081344821
2019-02-14,3575.01,3590.74,3531.01,3560.46,5910.24312876,21082913.212968,3567.1820521859
2019-02-13,3585.7,3629.81,3541.0,3574.93,7992.74321134,28613304.74452,3579.9104247368
2019-02-12,3588.99,3619.93,3548.28,3585.94,10074.81670532,36046410.86658,3577.872622491
2019-02-11,3651.32,3652.56,3578.7,3588.7,7931.40887407,28525625.694947,3596.5395490081
2019-02-10,3622.74,3662.43,3576.16,3650.37,4155.50568273,14996011.735424,3608.7092354961
2019-02-09,3626.12,3639.74,3589.52,3622.62,4054.50461695,14659227.171981,3615.5408753754
2019-02-08,3358.39,3711.04,3337.91,3622.94,14388.64754224,50248129.154255,3492.2065473315
2019-02-07,3364.0,3383.29,3350.0,3359.33,4293.5558141,14448057.456028,3365.0563965143
2019-02-06,3431.81,3445.6,3328.7,3364.62,6137.40639817,20699744.760526,3372.7186074395
2019-02-05,3409.81,3435.0,3396.0,3431.39,4045.62530164,13840265.565693,3421.0448407277
2019-02-04,3413.75,3439.46,3394.85,3410.87,3244.08497898,11074078.676703,3413.6216370587
2019-02-03,3470.5,3476.33,3384.67,3414.82,2813.89222442,9626058.8396311,3420.9053055027
2019-02-02,3434.83,3485.0,3406.38,3462.82,3051.95860768,10489394.683932,3436.9387112709
2019-02-01,3413.69,3460.0,3364.53,3434.83,6659.84752495,22735654.443933,3413.8400854912
2019-01-31,3438.0,3474.2,3392.6,3413.11,5951.8181698,20359058.481256,3420.6452382164
2019-01-30,3391.25,3465.05,3372.34,3437.35,5704.02340186,19556298.636345,3428.5095376656
2019-01-29,3431.43,3438.76,3322.19,3390.5,7284.38686266,24704685.920783,3391.4571516541
2019-01-28,3532.23,3536.77,3357.3,3429.5,10345.1009104,35519461.330011,3433.4572120319
2019-01-27,3555.31,3564.12,3456.0,3533.23,3852.6596409,13626083.661447,3536.7992326111
2019-01-26,3560.94,3657.89,3536.51,3555.56,2697.88387935,9670775.2783597,3584.5780288697
2019-01-25,3570.67,3578.79,3511.0,3560.0,4961.79512299,17617604.177249,3550.6512744992
2019-01-24,3553.2,3598.0,3524.0,3570.73,4488.01463801,15953466.428686,3554.6823518739
2019-01-23,3574.44,3620.23,3518.0,3552.32,6170.84267224,21996453.74636,3564.5786020948
2019-01-22,3531.51,3615.8,3401.36,3576.81,6877.0636755,24400934.496931,3548.1617807118
2019-01-21,3537.42,3573.29,3485.58,3531.51,5821.89983137,20586618.857254,3536.0654517495
2019-01-20,3680.0,3703.27,3470.0,3536.72,5591.01583422,19980428.346778,3573.666921937
2019-01-19,3609.29,3774.0,3602.6,3681.0,4080.88346413,15092405.403501,3698.318154919
2019-01-18,3638.01,3641.9,3577.0,3609.21,5023.5102908,18143547.923638,3611.7270341549
2019-01-17,3609.5,3660.0,3534.25,3638.01,7499.52552971,27014864.267905,3602.2097879237
2019-01-16,3576.92,3669.0,3570.48,3605.91,7675.06606371,27663336.537481,3604.3124981401
2019-01-15,3664.28,3687.02,3534.68,3576.93,8059.8173777,29241212.439476,3628.0241932504
2019-01-14,3517.03,3714.0,3506.0,3664.28,9925.99072165,35847383.457036,3611.4665490114
2019-01-13,3617.75,3654.02,3476.0,3515.95,5908.52280454,20934352.446307,3543.0772020075
2019-01-12,3631.0,3650.35,3557.09,3617.13,3184.35219414,11535036.600446,3622.412314088
2019-01-11,3627.65,3704.6,3569.85,3632.02,10571.08164263,38424235.357152,3634.844253042
2019-01-10,4003.09,4036.22,3503.44,3627.51,16118.42088248,60604856.020541,3759.9747805578
2019-01-09,3994.75,4060.0,3948.44,4002.13,7390.13399203,29620536.329111,4008.1189814767
2019-01-08,4005.0,4112.0,3934.73,3994.9,11819.98676966,47481852.765579,4017.0817185225
2019-01-07,4040.71,4070.0,3964.01,4005.45,7445.09600426,29916081.13931,4018.2263764219
2019-01-06,3795.38,4090.0,3753.0,4040.71,5400.71486407,21427648.650879,3967.5578493198
2019-01-05,3822.0,3887.09,3780.0,3791.84,3656.37531439,14020879.431406,3834.6390142789
2019-01-04,3785.64,3850.33,3732.38,3817.71,7452.05894356,28220044.671852,3786.8788861687
2019-01-03,3890.27,3893.4,3760.0,3787.81,4803.2461092,18338723.898302,3817.9854792734
2019-01-02,3825.41,3918.67,3770.0,3885.87,5534.46951453,21204092.852123,3831.2782817674
2019-01-01,3693.85,3845.46,3629.66,3823.44,5149.60627729,19109447.537817,3710.8560361383
2018-12-31,3831.03,3842.89,3630.0,3693.3,6667.16373743,25010761.82447,3751.3345718597
2018-12-30,3728.96,3870.0,3688.76,3835.79,5736.45370818,21721262.521226,3786.5314750561
2018-12-29,3884.66,3961.85,3702.51,3725.48,6901.3823318,26691913.7049,3867.6184598425
2018-12-28,3590.26,3970.0,3575.0,3884.97,13055.71840689,48891063.491801,3744.8007048007
2018-12-27,3810.01,3841.17,3566.0,3591.69,11850.0123819,43869266.602335,3702.0439463288
2018-12-26,3780.0,3863.34,3678.8,3810.01,10064.18282348,37995283.759144,3775.2974509266
2018-12-25,4034.54,4049.23,3674.73,3779.99,11801.43441841,44622786.993352,3781.1324802806
2018-12-24,3947.82,4236.84,3944.84,4036.0,12017.91713092,49649616.362971,4131.2996105815
2018-12-23,3977.65,4051.0,3900.0,3943.83,4609.89261726,18332110.094024,3976.6891804349
2018-12-22,3842.59,4010.16,3780.09,3980.9,7697.59815203,29734295.274739,3862.8017061266
2018-12-21,4073.58,4162.0,3770.0,3841.08,16967.23460506,67233453.95901,3962.5463738775
2018-12-20,3684.03,4172.07,3656.75,4073.77,25986.85291601,103366906.75159,3977.6615924088
2018-12-19,3667.16,3924.01,3642.69,3684.5,21125.61437541,79545514.14866,3765.3586179842
2018-12-18,3499.37,3684.0,3422.77,3667.16,13792.36427592,48496928.948985,3516.2157827904
2018-12-17,3191.41,3590.0,3181.26,3496.73,16389.79444903,55606991.775985,3392.7815232165
2018-12-16,3180.84,3259.43,3178.23,3193.78,6033.50714633,19434090.501609,3221.0271787661
2018-12-15,3194.04,3230.0,3122.28,3179.54,5814.86853241,18443151.400227,3171.7228510724
2018-12-14,3263.55,3294.81,3135.55,3195.75,14437.50526664,46477267.848887,3219.2035251603
2018-12-13,3430.2,3441.13,3221.14,3262.73,11715.01908312,39159173.135913,3342.6469780435
2018-12-12,3345.01,3490.0,3325.7,3430.18,7284.10378196,24838992.743853,3410.0272988106
2018-12-11,3406.41,3427.27,3292.65,3353.42,8951.71070828,30055511.534198,3357.5159557377
2018-12-10,3528.68,3588.43,3355.0,3408.0,10375.26877055,35762233.989453,3446.8730189393
2018-12-09,3398.8,3633.2,3371.09,3529.75,8011.02295177,27994455.415971,3494.4919749339
2018-12-08,3376.27,3495.99,3241.0,3398.8,10176.34927433,34421391.564428,3382.4892047737
2018-12-07,3437.22,3531.0,3210.0,3380.68,26513.2316249,88893035.82276,3352.7801167503
2018-12-06,3694.03,3844.79,3415.22,3437.26,15480.96697218,56597884.497235,3655.9657157685
2018-12-05,3903.52,3913.62,3662.35,3696.69,13443.22072621,50827904.386921,3780.9320714211
2018-12-04,3830.81,4033.98,3730.0,3903.52,12249.9368879,47819573.301101,3903.6587485063
2018-12-03,4099.63,4115.15,3747.0,3834.34,10726.6773046,41858808.866218,3902.3089515583
2018-12-02,4140.4,4265.0,4030.0,4102.05,7019.16205825,28949962.291497,4124.4185632487
2018-12-01,3970.56,4264.47,3904.34,4140.39,6412.23253743,26273733.313182,4097.4392553319
2018-11-30,4250.0,4300.0,3861.0,3971.06,14364.62144791,58011049.464662,4038.4669846697
2018-11-29,4219.77,4409.77,4086.97,4249.8,15944.01262628,67532605.267856,4235.6091186571
2018-11-28,3771.01,4355.08,3771.0,4220.16,22983.71348838,94257707.801573,4101.0652107732
2018-11-27,3727.34,3834.35,3548.76,3771.01,16814.00296565,62225242.10145,3700.7988061245
2018-11-26,3934.22,4069.59,3522.28,3727.34,24357.88293934,92772590.946442,3808.7296493492
2018-11-25,3780.67,4120.0,3474.73,3938.89,26969.94763424,101709290.05751,3771.2082884575
2018-11-24,4288.25,4376.88,3638.48,3785.65,14236.74417437,56563010.217742,3973.0298953865
2018-11-23,4268.4,4364.46,4061.02,4288.26,13322.77736822,56383826.96333,4232.13759451
2018-11-22,4551.47,4589.53,4194.98,4275.23,10258.46172893,45481714.048312,4433.5803213115
2018-11-21,4349.41,4635.0,4242.33,4538.01,20678.25000596,92027869.728154,4450.4670221914
2018-11-20,4732.92,4897.36,4048.58,4352.0,39775.38943928,177352795.25094,4458.8575435996
2018-11-19,5553.01,5559.69,4694.44,4735.44,28910.66553331,147178633.81369,5090.8075306711
2018-11-18,5503.36,5658.47,5500.0,5559.26,2576.4553201,14290586.724484,5546.6076252117
2018-11-17,5514.62,5550.66,5452.63,5503.36,2732.79162871,14991835.836221,5485.9052108916
2018-11-16,5571.12,5610.0,5411.74,5508.71,8074.6055758,44657465.077811,5530.6063755797
2018-11-15,5592.23,5641.0,5199.8,5585.0,19945.90828161,108872516.91951,5458.388526728
2018-11-14,6255.86,6298.47,5324.0,5595.91,25121.93301356,143987644.21815,5731.5511565303
2018-11-13,6318.01,6328.36,6244.35,6260.91,3630.56272124,22827592.593446,6287.6182967168
2018-11-12,6352.57,6388.21,6298.5,6318.0,3526.03903239,22378566.050298,6346.6586287702
2018-11-11,6349.39,6365.0,6269.46,6357.54,1718.26855567,10854216.523612,6316.9499830484
2018-11-10,6325.0,6377.26,6323.0,6349.32,1523.39384996,9677159.3716881,6352.3686746814
2018-11-09,6405.49,6418.18,6307.0,6325.0,3218.12902607,20476250.469872,6362.7810768288
2018-11-08,6501.0,6511.27,6388.88,6405.49,3966.97303181,25570494.648509,6445.8453444141
2018-11-07,6448.17,6544.0,6442.47,6501.0,4800.82491273,31247977.059043,6508.8766258034
2018-11-06,6404.97,6460.01,6378.24,6447.5,4270.33460011,27417937.887794,6420.559617761
2018-11-05,6428.23,6441.43,6369.89,6403.2,2335.48865475,14954709.152859,6403.246328105
2018-11-04,6333.59,6475.0,6310.57,6421.76,2673.81391399,17116581.480768,6401.5604792877
2018-11-03,6350.05,6351.74,6312.48,6335.0,1084.13861953,6864460.6510394,6331.7185896535
2018-11-02,6343.85,6381.25,6328.33,6350.43,2678.06948097,17012019.31904,6352.3442688568
2018-11-01,6304.5,6365.33,6288.01,6340.99,2190.97047686,13838359.443728,6316.0866793424
2018-10-31,6269.45,6350.0,6199.25,6303.27,5148.08262352,32332283.685171,6280.4515874424
2018-10-30,6266.47,6289.0,6240.0,6269.46,2523.57742936,15805196.340795,6263.0122448047
2018-10-29,6404.27,6420.0,6208.37,6266.52,5190.82201499,32694346.112745,6298.4910710348
2018-10-28,6407.66,6420.0,6383.0,6405.57,839.29766473,5373482.2976551,6402.3558309121
2018-10-27,6406.1,6420.01,6381.25,6407.66,890.1271569,5701110.6225899,6404.8271962006
2018-10-26,6393.38,6450.3,6377.81,6406.1,3323.82631782,21303202.370989,6409.2405360583
2018-10-25,6411.96,6422.73,6361.73,6393.53,3046.60380599,19490730.256043,6397.5270488803
2018-10-24,6396.24,6473.0,6393.0,6411.96,3535.33808825,22732295.197639,6430.0201650279
2018-10-23,6409.39,6421.58,6354.26,6393.41,2851.00556658,18228502.552929,6393.7099129537
2018-10-22,6412.62,6429.23,6372.53,6406.06,2407.5354618,15414714.100015,6402.6945166949
2018-10-21,6412.86,6470.0,6401.01,6413.38,1541.01151749,9913980.556287,6433.4240489227
2018-10-20,6380.47,6424.16,6363.02,6412.86,1261.97849549,8074213.5893554,6398.0595693276
2018-10-19,6394.23,6412.4,6355.99,6383.46,2290.0590117,14619039.588156,6383.6955787894
2018-10-18,6440.07,6490.0,6350.0,6396.18,3823.16928503,24539602.733781,6418.654499519
2018-10-17,6457.67,6465.39,6407.69,6437.29,2961.26337446,19059528.808307,6436.2828962429
2018-10-16,6438.2,6493.77,6386.4,6461.2,4703.09390629,30285390.61224,6439.4611750652
2018-10-15,6185.04,6756.0,6149.28,6441.74,16895.88930388,109101087.18601,6457.2562724448
2018-10-14,6201.23,6349.47,6143.08,6183.0,2525.73820085,15747443.032393,6234.788319349
2018-10-13,6182.03,6219.77,6168.83,6199.69,1954.04680593,12104441.162531,6194.5502665534
2018-10-12,6152.76,6243.79,6109.79,6185.15,3246.3815572,20109494.405411,6194.4334179732
2018-10-11,6517.55,6520.43,6055.28,6152.76,9616.23958351,59646337.389694,6202.6675678896
2018-10-10,6588.72,6589.79,6387.91,6517.55,5177.06675956,33606177.893108,6491.354941686
2018-10-09,6604.76,6623.14,6553.13,6588.8,2254.95026959,14848937.23374,6585.0397829127
2018-10-08,6574.15,6656.63,6541.06,6604.75,4079.04424933,26896727.814929,6593.8798823639
2018-10-07,6547.93,6600.0,6493.92,6577.63,2455.65659087,16093496.638956,6553.6430048041
2018-10-06,6582.11,6595.69,6526.28,6544.08,2022.78075908,13254229.651207,6552.479596076
2018-10-05,6548.83,6641.35,6510.0,6582.12,3807.26928181,24952327.059077,6553.8645186701
2018-10-04,6454.81,6604.89,6450.58,6547.56,3832.70048916,25105506.154758,6550.3438700113
2018-10-03,6500.0,6510.0,6396.34,6456.77,4774.76328174,30760590.454145,6442.3278472846
2018-10-02,6569.32,6597.0,6447.28,6500.0,4116.13342419,26864363.523722,6526.6017291479
2018-10-01,6597.79,6638.15,6477.57,6571.2,4796.040132,31458261.984518,6559.2157527255
2018-09-30,6574.29,6628.06,6510.0,6597.81,2482.69507513,16324644.281305,6575.3722415751
2018-09-29,6609.02,6609.02,6454.0,6579.38,3382.01592212,22128320.870743,6542.9381115603
2018-09-28,6684.5,6792.28,6525.67,6610.76,7642.04936428,50899264.335568,6660.4207731866
2018-09-27,6454.32,6736.85,6431.95,6681.62,5664.85211251,37174589.123744,6562.322967205
2018-09-26,6428.09,6540.0,6379.44,6461.51,4295.92674134,27796306.365529,6470.3864938019
2018-09-25,6578.7,6579.59,6324.96,6428.99,8206.61700477,52637968.010343,6414.0885312118
2018-09-24,6703.37,6721.68,6550.96,6581.52,4030.72562001,26700208.63952,6624.1692331947
2018-09-23,6710.01,6774.91,6659.0,6702.22,3248.80491931,21797274.995451,6709.3209770441
2018-09-22,6748.85,6826.28,6624.79,6710.01,5491.80951385,36794402.75511,6699.8687158243
2018-09-21,6492.98,6775.34,6483.83,6749.45,8569.98587321,57182294.26033,6672.3907257634
2018-09-20,6388.4,6535.11,6333.63,6492.98,5177.64510387,33213278.942085,6414.7461395645
2018-09-19,6330.0,6510.0,6100.0,6388.4,7232.08338006,45772818.068971,6329.133067682
2018-09-18,6251.49,6390.0,6226.63,6332.34,4196.47314808,26460916.639972,6305.5131550355
2018-09-17,6499.28,6530.24,6200.0,6254.52,4386.88772482,27739081.671651,6323.1802160584
2018-09-16,6521.49,6524.84,6349.47,6499.98,1098.62806031,7093170.7075291,6456.3895314376
2018-09-15,6476.51,6570.1,6466.74,6520.15,1328.81956289,8662492.7601361,6518.9383134128
2018-09-14,6482.95,6587.0,6384.36,6476.51,4598.02098322,29850883.836419,6492.1156178618
2018-09-13,6326.83,6537.46,6324.37,6485.7,6985.34747474,45125974.320377,6460.090136326
2018-09-12,6274.6,6350.0,6192.89,6322.45,4282.15960066,26839702.050973,6267.7958212572
2018-09-11,6303.99,6405.0,6162.06,6279.99,7076.79725968,44475428.531287,6284.6831552863
2018-09-10,6238.99,6351.13,6223.9,6301.99,5371.72530672,33758141.373694,6284.4131905745
2018-09-09,6178.31,6451.51,6094.38,6236.04,4104.31379555,25806798.060559,6287.7253899396
2018-09-08,6401.01,6465.46,6113.23,6178.31,4284.19484304,26909063.899311,6281.0084240277
2018-09-07,6488.01,6525.0,6322.0,6400.0,6541.96747088,42087646.998997,6433.4846032695
2018-09-06,6671.95,6705.59,6253.29,6493.09,14674.0236716,94114515.669238,6413.681603321
2018-09-05,7353.48,7387.0,6650.0,6679.3,12408.79698551,87114382.021463,7020.3728953893
2018-09-04,7261.29,7411.85,7231.0,7361.0,4531.14780379,33221323.527008,7331.7677916444
2018-09-03,7291.94,7340.08,7184.0,7258.99,2829.87707292,20542456.312291,7259.1338008524
2018-09-02,7195.8,7334.5,7130.63,7290.31,3297.68658519,23897118.979874,7246.6313467133
2018-09-01,7015.78,7300.18,7015.22,7185.01,4590.45724112,32867138.355984,7159.8833470377
2018-08-31,6984.34,7101.03,6879.0,7017.35,5790.38050638,40424258.592437,6981.2784406648
2018-08-30,7034.47,7055.97,6792.85,6984.01,6875.26197217,47500189.242379,6908.8551730323
2018-08-29,7079.46,7124.06,6890.0,7032.96,5730.97892652,40314346.329317,7034.4607520302
2018-08-28,6911.7,7125.28,6861.17,7080.94,8222.24765235,57566051.747796,7001.2549100662
2018-08-27,6700.13,6944.47,6641.35,6904.51,5863.68824836,39516728.822046,6739.2274534886
2018-08-26,6732.99,6775.34,6558.95,6700.46,3475.7202496,23147173.648444,6659.6768399609
2018-08-25,6692.99,6800.0,6664.25,6732.4,4980.64928331,33427519.444626,6711.4782718472
2018-08-24,6525.99,6721.09,6445.32,6692.94,6374.54257854,41835350.6503,6562.8788473606
2018-08-23,6355.97,6575.99,6344.8,6525.01,4028.43387247,25923311.053678,6435.084172744
2018-08-22,6478.99,6906.81,6250.0,6355.76,11955.65069577,78180267.294757,6539.1896504987
2018-08-21,6260.83,6513.28,6246.05,6479.27,5655.04172504,36215468.250527,6404.1027478486
2018-08-20,6481.63,6522.99,6223.9,6260.82,6254.82080784,40034740.54889,6400.6215012122
2018-08-19,6397.37,6545.0,6312.0,6481.99,3138.71131829,20144658.349315,6418.1303428345
2018-08-18,6578.13,6615.0,6303.0,6399.28,3496.80232127,22509757.300377,6437.2404363429
2018-08-17,6314.08,6584.49,6290.64,6580.15,6635.58158998,42963411.49332,6474.7017138929
2018-08-16,6273.34,6477.57,6208.37,6313.51,7099.2611636,45050489.219157,6345.7996798517
2018-08-15,6194.3,6628.5,6186.02,6272.3,12501.11334781,80080675.524415,6405.8834838454
2018-08-14,6252.63,6254.02,5880.0,6193.62,14235.27018218,86043410.14489,6044.3819501649
2018-08-13,6311.99,6544.37,6142.2,6252.63,8896.68083746,56397569.359469,6339.1696734814
2018-08-12,6240.49,6493.77,6163.44,6310.82,7169.89323056,45228549.69904,6308.120392402
2018-08-11,6139.99,6494.13,6000.0,6239.98,6818.37504816,42379946.31816,6215.549308863
2018-08-10,6544.98,6584.05,5995.75,6139.99,14096.00988894,89098710.776522,6320.846216661
2018-08-09,6283.89,6627.0,6190.01,6543.76,9484.88670496,60575830.63662,6386.5634372778
2018-08-08,6717.67,6717.68,6121.0,6283.59,14668.56802221,94168057.743414,6419.7171530876
2018-08-07,6932.18,7155.0,6671.0,6717.68,10039.39296375,69592717.09269,6931.9646460671
2018-08-06,7028.89,7157.93,6835.06,6936.11,7317.64296455,50894029.068912,6954.9757094554
2018-08-05,7009.94,7086.8,6888.88,7032.61,6039.1351446,42187260.050822,6985.6459643141
2018-08-04,7416.98,7494.48,6926.0,7009.99,6831.75139028,48822594.492831,7146.4243506129
2018-08-03,7535.0,7542.92,7286.41,7416.98,9585.77930917,70899644.260125,7396.3359653294
2018-08-02,7600.22,7709.98,7455.0,7536.37,5262.23613199,39925363.018519,7587.1477480468
2018-08-01,7726.85,7761.56,7440.0,7602.01,11406.76843741,86275617.406894,7563.5459666159
2018-07-31,8162.28,8162.37,7633.67,7725.43,11994.08614156,94080198.797657,7843.8822005509
2018-07-30,8216.74,8295.0,7853.01,8160.21,11785.89207823,95521277.828324,8104.7134314731
2018-07-29,8231.07,8299.99,8109.74,8216.74,3980.2794076,32668116.626822,8207.4933142745
2018-07-28,8177.72,8259.0,8051.43,8237.74,2765.6804906,22600879.914651,8171.9056092947
2018-07-27,7926.0,8274.98,7798.48,8183.05,8701.76587806,69758485.994232,8016.5896177598
2018-07-26,8174.06,8314.23,7855.97,7926.0,8091.87166049,65857948.717877,8138.778206214
2018-07-25,8394.48,8475.0,8049.22,8174.06,10348.06857767,85270824.577993,8240.2647351988
2018-07-24,7712.46,8496.96,7691.14,8403.83,18707.41156484,151310569.72808,8088.2686096706
2018-07-23,7393.5,7800.0,7369.86,7719.62,12572.45317131,96571278.239431,7681.1801900208
2018-07-22,7398.16,7581.03,7336.15,7396.6,5107.9788128,38059816.237855,7451.0520956902
2018-07-21,7330.84,7458.0,7212.0,7409.92,4049.81022253,29657027.945896,7323.0660984822
2018-07-20,7474.35,7696.88,7265.0,7330.84,9379.17143244,69721139.87872,7433.6139797566
2018-07-19,7384.92,7570.9,7278.84,7471.42,8803.25309749,65189565.066642,7405.1676516297
2018-07-18,7310.71,7599.98,7239.15,7374.88,13347.87637571,99059622.369534,7421.3769727295
2018-07-17,6721.21,7468.31,6657.95,7310.71,12703.29651293,89443629.794608,7040.9778834626
2018-07-16,6353.25,6755.0,6333.63,6721.04,9404.05647649,61776752.477159,6569.1600886915
2018-07-15,6245.99,6397.21,6227.76,6349.3,3556.29310719,22531808.77321,6335.7569508699
2018-07-14,6208.78,6317.84,6180.0,6243.98,2584.7339623,16131386.29086,6241.0238446767
2018-07-13,6243.53,6337.25,6121.01,6215.59,5901.29571452,36792068.820631,6234.5746765587
2018-07-12,6379.13,6380.0,6072.0,6243.88,7792.46685782,48264011.743165,6193.6755874336
2018-07-11,6304.45,6400.0,6285.0,6380.0,6370.13680136,40422766.091961,6345.6668753693
2018-07-10,6666.75,6683.9,6270.84,6299.46,9163.01977492,59079611.202293,6447.6136310433
2018-07-09,6706.6,6814.72,6620.0,6666.75,7165.21723333,48058466.976547,6707.1891069814
2018-07-08,6755.46,6783.54,6674.6,6706.6,5145.84575684,34673975.49939,6738.2461771809
2018-07-07,6604.74,6820.0,6510.0,6759.99,4842.79587112,32039126.134669,6615.8324627586
2018-07-06,6533.69,6636.15,6449.76,6596.53,5457.67218749,35714562.198309,6543.9185373159
2018-07-05,6575.62,6700.0,6445.31,6533.69,7692.21577694,50623962.161396,6581.1937196508
2018-07-04,6507.99,6792.28,6413.2,6584.25,6706.7340062,44104610.984128,6576.1682129268
2018-07-03,6605.46,6666.0,6464.39,6507.99,5924.86541706,39007361.174037,6583.6704175118
2018-07-02,6345.48,6667.57,6270.69,6612.98,8799.80247408,57156646.607717,6495.219270668
2018-07-01,6385.75,6438.55,6259.34,6349.99,4160.70556721,26417260.536516,6349.2261371982
2018-06-30,6204.01,6510.0,6190.28,6385.71,6915.08887702,44052425.650287,6370.4785916318
2018-06-29,5845.2,6299.0,5774.72,6204.24,12067.37316767,71636732.304499,5936.3981961229
2018-06-28,6135.64,6165.49,5818.14,5848.33,8878.39857291,53453287.60247,6020.6001300243
2018-06-27,6073.99,6181.11,5985.0,6135.64,7446.86155074,45361890.93585,6091.4105394295
2018-06-26,6252.28,6277.0,6025.68,6068.0,7751.62208792,47951768.391144,6186.0302072609
2018-06-25,6153.6,6365.34,6075.01,6253.61,9689.68930701,60122649.660111,6204.8067543936
2018-06-24,6169.91,6255.05,5780.0,6153.4,11423.59392896,68399360.494465,5987.5518089859
2018-06-23,6055.17,6261.0,6048.54,6177.38,4585.87147205,28145734.061221,6137.4886393488
2018-06-22,6718.33,6737.97,5940.0,6050.45,18544.14405465,116516606.03223,6283.2021628418
2018-06-21,6756.6,6792.2,6677.85,6718.33,4837.32442832,32564408.829617,6731.9050669765
2018-06-20,6728.44,6809.26,6558.95,6756.58,5193.76884592,34692917.89942,6679.7192806671
2018-06-19,6711.3,6841.81,6660.21,6736.52,5443.67979628,36644831.797267,6731.6288188569
2018-06-18,6451.03,6793.0,6381.25,6707.5,5940.1743975,38916063.792531,6551.3335448383
2018-06-17,6487.92,6575.35,6429.23,6453.41,2828.75680848,18412428.551428,6509.0178470738
2018-06-16,6390.6,6557.81,6333.63,6487.92,3553.69972603,22957650.667517,6460.2111707294
2018-06-15,6638.8,6666.66,6370.0,6390.6,7132.20678871,46685086.334257,6545.6720082987
2018-06-14,6308.49,6708.1,6270.69,6646.1,14185.83821156,92121861.874811,6493.9315182476
2018-06-13,6557.66,6624.45,6120.0,6307.4,19190.50457858,122786788.14039,6398.3095200861
2018-06-12,6880.76,6880.76,6461.42,6557.67,8827.5994997,59092996.238455,6694.118399964
2018-06-11,6781.17,6919.97,6634.86,6880.61,11409.52423218,77070641.464822,6754.9391102083
2018-06-10,7498.0,7498.0,6627.7,6781.17,14392.69540615,100255171.17237,6965.6981088847
2018-06-09,7618.11,7686.45,7468.31,7492.7,2713.78104511,20619323.124414,7598.0054328879
2018-06-08,7676.41,7697.0,7542.0,7618.11,4676.55832777,35622819.627735,7617.3153697672
2018-06-07,7658.99,7750.0,7618.99,7689.28,7545.00925066,58063422.603267,7695.606549215
2018-06-06,7617.98,7695.46,7482.61,7658.57,7058.05577232,53677946.082366,7605.2028793649
2018-06-05,7494.99,7685.0,7360.0,7617.98,9968.45508961,74707307.076638,7494.3716358319
2018-06-04,7712.97,7764.44,7449.68,7488.26,6990.5513527,52874207.371109,7563.6676856236
2018-06-03,7642.0,7790.69,7581.03,7703.67,4729.21008365,36376196.764804,7691.8124002494
2018-06-02,7511.72,7700.0,7438.92,7642.0,4012.16875521,30475405.253635,7595.7436271993
2018-06-01,7492.28,7620.01,7348.45,7511.6,6762.6275727,50587954.658106,7480.5176115751
2018-05-31,7375.64,7601.23,7330.22,7492.28,7339.00726931,55144260.571674,7513.8582846585
2018-05-30,7469.45,7559.0,7273.89,7375.73,8940.4540053,66460464.14776,7433.6788834618
2018-05-29,7112.2,7537.0,7026.9,7469.45,11049.92099287,80814280.448517,7313.5618345744
2018-05-28,7348.64,7445.0,7084.99,7112.5,6583.63252959,47652142.656412,7237.9712024085
2018-05-27,7335.99,7412.57,7213.09,7347.39,3144.45110906,22995002.755005,7312.8829030767
2018-05-26,7459.21,7622.87,7276.04,7335.99,4043.55765023,30225159.429777,7474.8926673662
2018-05-25,7579.3,7661.07,7328.13,7471.18,10088.84331121,75352118.704518,7468.8560799425
2018-05-24,7509.99,7733.99,7267.24,7586.88,11648.36524358,87486613.440623,7510.6344633932
2018-05-23,7983.98,8032.01,7435.49,7502.89,17635.90129337,136149933.05614,7720.0439484953
2018-05-22,8403.23,8417.65,7951.41,7984.08,9101.06078693,74532297.792873,8189.4077556222
2018-05-21,8518.64,8589.1,8320.0,8391.76,6126.97105348,51780405.448333,8451.2241034537
2018-05-20,8225.55,8590.0,8170.71,8518.48,5314.99889979,44509496.316357,8374.3190084415
2018-05-19,8248.99,8395.0,8141.08,8231.2,3784.07576637,31243933.28343,8256.688082491
2018-05-18,8058.16,8275.1,7929.53,8248.87,7181.20388348,58093499.641613,8089.6602553304
2018-05-17,8337.77,8500.0,7980.0,8067.03,8259.12452442,68210896.571913,8258.8531472352
2018-05-16,8481.99,8505.33,8100.01,8346.59,12705.12321984,105058169.86022,8268.9611145338
2018-05-15,8674.53,8865.0,8400.0,8474.99,12391.83198691,107036084.45844,8637.6319959397
2018-05-14,8696.54,8900.9,8286.57,8674.36,18861.93709627,162135043.55328,8595.8850740382
2018-05-13,8481.72,8775.9,8335.56,8696.58,9835.22450915,84280724.776146,8569.2730956713
2018-05-12,8408.79,8652.8,8208.81,8481.6,15464.92940302,130051000.66483,8409.4144419071
2018-05-11,9007.19,9018.38,8351.0,8411.42,20383.92660992,177279927.97773,8697.0450478102
2018-05-10,9308.49,9393.0,8987.74,9020.99,11764.9775057,108645338.13022,9234.6405318313
2018-05-09,9181.52,9368.79,8974.62,9308.49,11368.83432539,104305920.46484,9174.7242927007
2018-05-08,9356.79,9450.0,9015.0,9167.69,11418.31053651,105415298.02853,9232.1274405229
2018-05-07,9621.99,9634.5,9175.0,9359.52,13616.3485933,127010639.84781,9327.804659048
2018-05-06,9827.04,9918.41,9375.0,9623.54,8155.5768566,78150008.853271,9582.4011259274
2018-05-05,9689.0,9948.98,9670.68,9823.28,7403.10502352,72754286.992702,9827.5367918675
2018-05-04,9737.0,9784.73,9527.38,9696.57,7326.05207111,70716940.700585,9652.8034491394
2018-05-03,9220.0,9799.99,9165.19,9732.43,11670.79957863,109943721.45048,9420.4103763199
2018-05-02,9066.9,9259.16,8975.23,9222.0,10575.17497792,96344037.238708,9110.3965125745
2018-05-01,9243.51,9249.99,8815.91,9066.9,12138.2639605,109028331.06583,8982.2013609711
2018-04-30,9396.32,9443.96,9111.0,9242.17,8085.68829456,74978446.896002,9272.9826038987
2018-04-29,9352.97,9538.75,9180.0,9393.99,10940.71803063,102349678.47088,9354.9324810618
2018-04-28,8916.54,9442.34,8854.47,9345.11,15558.40230193,143728558.94878,9238.00247349
2018-04-27,9277.32,9387.82,8901.09,8921.43,11375.51437547,104644754.13741,9199.1228425732
2018-04-26,8855.07,9326.79,8647.29,9274.48,20042.96970211,178009104.46869,8881.3737242717
2018-04-25,9648.36,9755.53,8751.0,8864.99,33035.90404482,303220038.55606,9178.4997966055
2018-04-24,8942.0,9737.16,8930.0,9648.0,20460.50898304,190711801.44706,9320.9705391561
2018-04-23,8781.7,9006.39,8771.22,8946.95,10286.1177149,91446649.756223,8890.2978063102
2018-04-22,8924.93,9036.52,8760.0,8789.96,9346.45175925,83089020.810015,8889.8999267592
2018-04-21,8865.78,9023.4,8608.0,8920.71,15336.30792743,134950187.05403,8799.3921152734
2018-04-20,8273.0,8934.0,8216.9,8861.0,16059.62267134,136267900.23543,8485.1246523128
2018-04-19,8172.83,8297.99,8074.44,8271.31,9436.84632763,77478927.09225,8210.256308339
2018-04-18,7890.87,8235.0,7870.35,8172.84,9227.20459808,74525247.423281,8076.6874334605
2018-04-17,8054.68,8160.85,7806.81,7890.87,9277.15121538,74462014.273664,8026.3879013008
2018-04-16,8353.43,8424.99,7905.0,8048.15,10866.60295749,87993966.210642,8097.6517274877
2018-04-15,8003.39,8417.0,8001.23,8354.22,7542.84081564,62269321.050527,8255.4202816281
2018-04-14,7885.9,8232.14,7835.0,8000.41,8935.53071477,71681139.862327,8022.0349692091
2018-04-13,7923.78,8239.33,7753.32,7896.92,19605.94275077,157461506.31628,8031.3152148775
2018-04-12,6940.94,8069.34,6758.45,7923.78,19033.3803344,143664243.10143,7548.0151490366
2018-04-11,6824.75,6984.92,6809.26,6940.94,5825.41064556,40165964.25783,6894.958433264
2018-04-10,6782.39,6900.0,6653.21,6835.67,6480.19276418,43978750.446789,6786.6423187111
2018-04-09,7027.26,7175.83,6611.49,6780.1,10103.91621615,69104966.965091,6839.423990337
2018-04-08,6904.21,7104.52,6894.8,7027.26,4352.69794202,30482451.722745,7003.1167172144
2018-04-07,6627.7,7069.13,6600.99,6904.9,7683.0416526,52984840.498486,6896.3364894104
2018-04-06,6771.3,6850.0,6510.0,6618.33,8478.41806897,56294477.899358,6639.7383853232
2018-04-05,6799.37,6928.7,6578.95,6771.69,11894.53597807,80262665.41437,6747.8601571638
2018-04-04,7415.53,7430.0,6710.38,6799.95,15779.20246661,110954121.83853,7031.6685569702
2018-04-03,7052.75,7506.84,7001.28,7416.27,16089.54162903,118019785.63287,7335.1863187907
2018-04-02,6816.31,7106.5,6759.96,7052.76,13624.16035566,95159965.017439,6984.6480467992
2018-04-01,6926.5,7045.71,6427.16,6813.52,18046.94087395,121116431.40304,6711.1890180716
2018-03-31,6839.63,7231.73,6794.26,6928.62,11579.59705718,81326187.467914,7023.2312114425
2018-03-30,7086.14,7302.35,6550.0,6850.0,29101.44802706,199556780.67169,6857.2801080597
2018-03-29,7932.41,7968.0,6914.53,7088.38,22138.11413228,163975079.77115,7406.9127474619
2018-03-28,7791.69,8104.98,7723.03,7932.41,8437.64467971,66890222.85988,7927.5941804862
2018-03-27,8152.26,8211.62,7742.11,7791.7,12385.25028422,98488415.189242,7952.0730650656
2018-03-26,8451.12,8500.0,7831.15,8149.66,17693.4153393,145246518.5356,8209.0718920153
2018-03-25,8541.96,8680.0,8368.63,8453.9,9155.91214778,78013217.68781,8520.5292961145
2018-03-24,8917.99,9020.0,8505.0,8547.0,9731.98236841,85811618.322075,8817.4860037375
2018-03-23,8708.52,8920.79,8265.0,8920.79,13749.78486097,117134344.45484,8518.9947071347
2018-03-22,8892.18,9099.59,8503.52,8704.67,12587.63392229,109923828.12971,8732.683902974
2018-03-21,8904.02,9188.1,8754.83,8893.79,12100.99713332,108594771.1013,8974.0349414909
2018-03-20,8596.79,9051.0,8313.01,8904.02,13454.8222604,116496170.95306,8658.3210612842
2018-03-19,8205.55,8718.74,8114.17,8596.93,19396.08835883,162448296.1943,8375.3122376525
2018-03-18,7860.83,8324.92,7325.37,8188.24,19547.36114711,150315447.64235,7689.8076682117
2018-03-17,8258.54,8356.4,7730.23,7860.83,12048.6688914,97294029.179732,8075.0853108079
2018-03-16,8265.05,8613.06,7914.08,8258.54,16498.62433531,137219222.82076,8317.009953799
2018-03-15,8195.99,8425.0,7682.0,8265.05,18387.61138793,148610946.85019,8082.123540404
2018-03-14,9152.07,9356.14,7948.0,8196.69,21191.0231358,182210730.8525,8598.4867122662
2018-03-13,9115.24,9482.79,8830.0,9142.32,16001.47534639,146461539.24624,9153.0022123416
2018-03-12,9535.04,9892.0,8742.07,9120.75,18751.02057959,175103380.07353,9338.3386429712
2018-03-11,8795.04,9768.37,8450.0,9535.04,16407.54237557,149758874.76874,9127.4409866357
2018-03-10,9228.83,9514.96,8697.0,8791.47,12886.58857926,118146982.45276,9168.212496743
2018-03-09,9293.06,9420.39,8366.0,9230.0,29014.16684454,257069817.5836,8860.1481807492
2018-03-08,9904.52,10150.0,9078.95,9285.32,22522.42746991,217370120.91965,9651.2741004519
2018-03-07,10723.01,10911.78,9450.0,9913.03,26116.51184803,264099759.77855,10112.367276125
2018-03-06,11417.39,11420.01,10560.19,10723.76,14734.41949313,161507885.73288,10961.26561404
2018-03-05,11479.68,11688.0,11383.66,11419.24,9933.67623336,114638102.23711,11540.350172892
2018-03-04,11445.0,11511.0,11054.91,11463.27,6831.63070279,77060624.278291,11279.975108552
2018-03-03,11032.81,11503.24,11022.85,11445.0,7786.26753951,88241259.776292,11332.934468091
2018-03-02,10917.37,11175.0,10774.01,11029.99,8329.09790086,91455982.504959,10980.298658216
2018-03-01,10314.99,11090.0,10223.41,10903.13,9481.66514611,101712406.72717,10727.272600309
2018-02-28,10572.49,11064.75,10255.07,10314.9,10490.74905816,111457734.83117,10624.382893276
2018-02-27,10329.99,10850.0,10150.0,10566.3,10408.47993775,110086762.79583,10576.641685839
2018-02-26,9595.99,10461.97,9376.34,10324.7,16156.80505618,162306362.38799,10045.69664755
2018-02-25,9688.26,9883.41,9260.0,9590.04,11037.17695269,105367249.24682,9546.5760582135
2018-02-24,10135.2,10540.63,9373.48,9689.99,13972.71472351,137805304.51942,9862.4574570004
2018-02-23,9843.33,10405.3,9600.0,10166.1,16044.03930333,160782973.04507,10021.352478967
2018-02-22,10446.79,10935.0,9731.2,9843.34,20204.69095384,206051152.36005,10198.183819332
2018-02-21,11233.42,11275.74,10256.0,10449.4,19959.67715652,215353691.93532,10789.437637019
2018-02-20,11159.12,11780.0,11080.37,11233.41,15880.9090398,182156478.01967,11470.154357232
2018-02-19,10433.68,11262.48,10307.51,11173.0,11698.25622611,127802568.07185,10924.92467267
2018-02-18,11101.0,11300.0,10153.15,10421.06,17623.07943135,188724919.34455,10708.963781257
2018-02-17,10203.14,11135.83,10053.5,11101.0,14511.16913676,155314935.17762,10703.130375909
2018-02-16,10011.3,10300.0,9707.51,10196.0,11857.64277513,118860367.74258,10023.945736658
2018-02-15,9490.98,10234.0,9350.0,10018.0,21036.3373175,206814744.84787,9831.3095918947
2018-02-14,8504.57,9515.0,8504.57,9490.98,17468.73886593,158839393.2453,9092.7796485121
2018-02-13,8891.2,8951.89,8360.13,8522.99,11374.52415254,97689771.643047,8588.4710721048
2018-02-12,8077.25,8995.0,8067.0,8899.0,15071.04029684,130557481.61167,8662.8048920448
2018-02-11,8560.0,8560.0,7820.0,8067.0,12711.7858457,103542540.61432,8145.3968680053
2018-02-10,8693.98,9090.8,8170.86,8560.0,14670.55870203,127082570.69049,8662.4220162045
2018-02-09,8259.42,8779.62,7753.32,8693.98,18418.11709042,152040059.86472,8254.9187367149
2018-02-08,7588.01,8644.36,7565.5,8259.76,22746.39118112,187157997.65798,8228.0303793124
2018-02-07,7737.26,8649.0,7213.8,7588.01,32640.89253754,260674865.84428,7986.1439310975
2018-02-06,6878.65,8150.0,5920.72,7737.37,70961.36965826,487504446.04308,6869.9976958004
2018-02-05,8190.78,8335.56,6600.0,6874.27,46544.42880431,342210634.64875,7352.3436303736
2018-02-04,9225.31,9350.09,7825.0,8191.0,19110.67246079,162005632.56055,8477.2334878818
2018-02-03,8838.29,9491.2,8170.71,9225.86,16208.37411342,144713399.47199,8928.3106657917
2018-02-02,9010.87,9096.79,7625.25,8838.83,44406.01982931,373423805.07552,8409.3059119214
2018-02-01,10148.99,10187.56,8455.0,8998.99,26356.58883931,243067799.59754,9222.2783866101
2018-01-31,9971.0,10324.0,9514.96,10149.0,12743.50947059,126723437.33569,9944.1553073072
2018-01-30,11162.62,11222.36,9731.2,9971.0,21082.19252764,219169216.36012,10395.940368762
2018-01-29,11685.58,11820.01,10991.0,11162.62,9996.35689848,112806531.76197,11284.764330405
2018-01-28,11446.54,11989.15,11360.52,11685.58,9956.09249576,116531522.53334,11704.543984798
2018-01-27,11093.74,11630.47,10815.84,11446.54,10309.80746248,116376809.51695,11287.971180885
2018-01-26,11140.01,11635.0,10263.32,11092.95,15074.66641243,164020352.51582,10880.52949421
2018-01-25,11400.98,11741.82,10868.57,11155.54,10212.92183381,115421975.02514,11301.562559995
2018-01-24,10848.99,11500.0,10488.13,11400.96,11646.79059794,128825119.67869,11060.997327579
2018-01-23,10810.0,11409.87,9927.54,10851.82,17250.17614645,184369293.73459,10687.965860136
2018-01-22,11558.87,11910.78,10028.41,10808.99,17067.72925582,186028930.55173,10899.454037701
2018-01-21,12782.99,12791.88,11100.0,11558.87,11596.44128787,137150604.6405,11826.956325296
2018-01-20,11560.82,13052.12,11515.94,12775.99,10324.05733414,128912075.53122,12486.571060094
2018-01-19,11290.9,12050.39,11025.18,11552.0,13203.25567513,151834406.42114,11499.770220093
2018-01-18,11199.0,12146.0,10693.0,11247.57,22195.26202056,256082649.97875,11537.716911904
2018-01-17,11393.97,11794.07,9222.0,11191.35,41356.1897379,433168120.05249,10474.081940279
2018-01-16,13581.66,13607.04,10162.0,11386.34,38789.88308789,457725763.36584,11800.13258428
2018-01-15,13647.99,14394.36,13429.25,13607.04,9444.63530824,131049852.36484,13875.586307764
2018-01-14,14197.78,14365.81,13072.22,13647.99,7588.63558972,102783826.66084,13544.44095327
2018-01-13,13829.28,14619.1,13789.42,14197.78,7488.98701847,106595650.09047,14233.654007889
2018-01-12,13249.99,14152.19,12807.27,13781.41,13433.08481363,183399343.51664,13652.809169384
2018-01-11,14899.99,14973.07,12800.0,13243.83,19630.07517112,266846190.80782,13593.742687262
2018-01-10,14403.51,14900.0,13412.0,14890.02,18479.01253046,261210687.02947,14135.53276177
2018-01-09,14999.99,15367.18,14123.97,14403.51,13913.52469368,204579121.58441,14703.615804652
2018-01-08,16173.98,16300.0,13900.0,14999.99,16676.34994239,251877784.14267,15103.891739667
2018-01-07,17142.43,17149.97,15707.16,16124.02,8632.81384337,141555094.16036,16397.329622609
2018-01-06,16927.99,17234.99,16220.0,17149.67,9501.01675546,158389594.51445,16670.804671871
2018-01-05,15143.67,17200.0,14810.0,16928.0,16248.91467956,259695892.85336,15982.353158642
2018-01-04,15155.62,15430.27,14192.37,15143.67,15004.01859256,222160244.4909,14806.716155435
2018-01-03,14670.96,15500.0,14546.28,15155.62,12275.00119668,183639413.73724,14960.439579176
2018-01-02,13394.2,15257.53,12910.58,14678.94,16299.66930279,229138844.07688,14057.883004882
2018-01-01,13880.0,13941.75,12801.38,13443.41,7688.0306846,102815718.45172,13373.479200294
2017-12-31,12640.0,14296.06,12491.21,13880.0,11583.41864698,154552644.47156,13342.576072035
2017-12-30,14351.0,14463.28,12050.0,12640.0,21749.67444609,285985550.32365,13148.957747966
2017-12-29,14436.99,15111.0,13998.0,14340.0,13505.70299216,195727638.76896,14492.221462487
2017-12-28,15390.05,15474.19,13500.0,14470.07,16557.21732271,234428578.53875,14158.694300473
2017-12-27,15764.45,16480.52,14484.0,15364.93,15643.75488215,241860985.13003,15460.545562881
2017-12-26,13925.5,16147.87,13746.95,15764.44,15051.16401761,230922569.15497,15342.505661674
2017-12-25,14107.87,14650.0,13210.0,13911.28,11564.54433309,161347357.0787,13951.899221574
2017-12-24,14619.0,14619.1,12488.0,14157.87,18519.48932254,250476423.64496,13525.017849175
2017-12-23,13980.0,15756.22,13496.48,14619.0,21786.4086642,322120599.55537,14785.3923297
2017-12-22,15600.0,15795.61,11159.93,14009.79,57444.88580326,772143020.63877,13441.458013917
2017-12-21,16466.98,17281.17,15005.0,15600.01,20377.86043859,326730689.64543,16033.611115851
2017-12-20,17700.0,17950.0,15343.04,16466.98,31172.2288067,521350550.60848,16724.840364845
2017-12-19,18940.58,19160.79,16831.26,17700.0,21528.13766503,387206242.38184,17986.053805797
2017-12-18,18953.0,19220.0,17835.2,18940.57,14678.94144797,273533539.40283,18634.418590221
2017-12-17,19187.78,19666.0,18465.0,18953.0,9749.24915462,186310530.76467,19110.24406186
2017-12-16,17477.98,19377.0,17269.99,19187.78,9761.22080853,179906034.63695,18430.689989078
2017-12-15,16404.99,17934.0,16337.19,17471.5,18998.38813709,329337014.76427,17334.99770548
2017-12-14,16245.02,16830.45,15852.69,16404.99,13409.52428786,219263192.46054,16351.302831753
2017-12-13,16650.01,17107.03,15497.69,16250.0,17136.7058582,281640493.78952,16434.926065721
2017-12-12,16470.0,17428.42,15967.29,16650.01,13517.89210328,227842348.69952,16854.872561398
2017-12-11,14690.99,17270.0,14677.19,16470.0,16583.72315538,270203844.28469,16293.316148191
2017-12-10,14601.01,15385.0,13011.0,14691.0,18487.98304099,263150668.00414,14233.606090005
2017-12-09,15799.87,15998.5,12701.05,14607.49,16587.47292694,238909072.56332,14402.981913858
2017-12-08,16599.99,16666.66,13482.42,15800.0,25473.39531065,389366035.09339,15285.203654442
2017-12-07,13623.0,16615.62,13085.9,16599.99,25787.67655646,382694044.13063,14840.190945189
2017-12-06,11676.99,13700.0,11659.8,13623.5,19784.87348713,250560790.30234,12664.260424275
2017-12-05,11613.07,11850.0,11384.25,11677.0,11875.0337769,138370076.16,11652.1837967
2017-12-04,11250.0,11613.07,10850.0,11613.07,13621.4819728,154122917.897,11314.6952882
2017-12-03,10875.68,11800.01,10513.16,11250.0,14238.525877,160176290.442,11249.4995497
2017-12-02,10840.45,11200.0,10637.69,10872.0,9267.16105468,101270084.382,10927.8433584
2017-12-01,9927.29,10949.89,9370.11,10840.45,16708.0322485,171881760.618,10287.3730468
2017-11-30,9833.7,10618.29,9000.0,9947.67,25433.4583637,247093850.763,9715.30679115
2017-11-29,9877.63,11395.0,9250.0,9824.68,33432.3399621,346949562.202,10377.6631428
2017-11-28,9708.06,9968.0,9582.25,9868.82,11214.9299311,110496755.848,9852.64790115
2017-11-27,9278.99,9721.7,9267.0,9708.07,13272.4525401,126458117.666,9527.86361707
2017-11-26,8718.0,9366.6,8538.2,9271.06,12021.215487,108525815.449,9027.85708869
2017-11-25,8199.83,8737.0,8114.78,8717.99,11611.6663789,97628924.7872,8407.83067663
2017-11-24,7988.96,8340.0,7876.0,8199.19,9289.98925704,75751868.7454,8154.13954198
2017-11-23,8214.69,8279.76,7980.0,7989.0,7811.79339997,63644740.3949,8147.2636482
2017-11-22,8095.19,8310.89,8045.76,8214.69,8078.58080138,66215711.7122,8196.45347867
2017-11-21,8226.14,8354.46,7770.0,8095.23,13686.5112387,110811263.491,8096.38494125
2017-11-20,8016.58,8269.99,7900.0,8226.17,8179.45772727,66366007.8084,8113.74176887
2017-11-19,7775.55,8087.35,7675.0,8016.58,8307.77750857,65332064.6474,7863.96416851
2017-11-18,7675.0,7858.0,7431.54,7771.03,7326.81014016,56264967.2148,7679.32649249
2017-11-17,7846.96,7997.0,7528.5,7674.99,17714.3678745,138124189.434,7797.29711006
2017-11-16,7294.0,7976.79,7120.85,7846.96,19272.3714767,145738327.486,7562.03395427
2017-11-15,6609.0,7350.0,6609.0,7294.0,16869.897913,119171192.377,7064.13239674
2017-11-14,6524.69,6750.0,6466.88,6609.0,12072.053088,79508390.5354,6586.15315519
2017-11-13,5870.03,6775.75,5846.0,6525.17,27202.281808,173971383.556,6395.4702324
2017-11-12,6355.13,6488.88,5555.55,5870.37,37315.1566398,225565297.532,6044.87071325
2017-11-11,6588.18,6820.0,6218.0,6355.13,14942.7025553,96800268.0907,6478.09643084
2017-11-10,7150.61,7343.18,6429.44,6588.18,26614.2760523,181284361.102,6811.54583147
2017-11-09,7465.06,7490.0,7061.2,7148.0,14799.265772,106985408.523,7229.10245486
2017-11-08,7131.38,7888.0,7080.01,7450.32,24679.7205496,183501327.084,7435.30813953
2017-11-07,6967.64,7244.69,6945.0,7130.28,11634.2652965,82632999.5864,7102.55417772
2017-11-06,7373.3,7421.39,6922.07,6967.68,19323.1287575,138542391.753,7169.77014913
2017-11-05,7388.79,7590.0,7275.16,7372.72,9218.32689776,68631151.8536,7445.07681435
2017-11-04,7145.24,7569.9,6994.0,7388.83,9200.11461844,66730277.4229,7253.20066004
2017-11-03,7030.0,7500.0,6925.22,7146.82,15999.7837968,116037544.147,7252.44450927
2017-11-02,6745.04,7354.1,6700.0,7030.0,26514.6511945,184979262.336,6976.49239202
2017-11-01,6434.24,6756.36,6340.01,6741.59,12967.2221164,84891427.3016,6546.61627137
2017-10-31,6120.0,6449.78,6072.81,6434.21,13423.3085505,84354477.9752,6284.17931822
2017-10-30,6133.01,6229.77,6024.03,6119.99,9574.64365313,58637080.1393,6124.20495881
2017-10-29,5731.7,6316.85,5683.0,6137.37,16086.6256947,96361934.2927,5990.18937357
2017-10-28,5773.03,5875.66,5646.18,5730.69,5926.29737158,33993472.6929,5736.03897366
2017-10-27,5889.99,5994.06,5674.06,5771.89,11911.0419963,69053794.4428,5797.46041232
2017-10-26,5741.35,5988.0,5683.0,5890.0,11788.3025892,69079451.8057,5859.99988404
2017-10-25,5518.49,5748.0,5366.0,5735.88,12349.1067022,68370411.1314,5536.46614125
2017-10-24,5869.82,5870.0,5453.01,5523.4,17286.7237393,97560230.1937,5643.65068043
2017-10-23,5967.38,6045.34,5617.75,5871.17,15331.6350293,89530043.1578,5839.56264198
2017-10-22,6010.85,6071.07,5700.0,5969.0,12232.5233299,71898806.1552,5877.67578414
2017-10-21,5977.26,6180.0,5871.0,6013.46,15357.4237337,92912504.8326,6050.00594134
2017-10-20,5700.0,6074.0,5589.8,5977.29,15109.063651,89014299.8806,5891.4504523
2017-10-19,5572.64,5735.14,5512.06,5698.69,9919.83821694,56087316.5641,5654.05557404
2017-10-18,5591.97,5617.75,5101.36,5582.05,18961.6757967,101657249.579,5361.19542751
2017-10-17,5752.2,5776.31,5506.78,5597.31,9105.28187907,51035573.567,5605.05146846
2017-10-16,5683.92,5807.11,5548.0,5745.72,9066.79974453,51508749.1147,5681.02865024
2017-10-15,5795.01,5830.0,5415.0,5679.7,11542.9458337,64464008.4228,5584.71029421
2017-10-14,5653.58,5817.34,5558.26,5801.29,8410.9362308,47779356.4521,5680.62283925
2017-10-13,5444.0,5846.43,5380.0,5653.6,27827.3802854,155848051.872,5600.52905712
2017-10-12,4822.01,5445.0,4793.66,5445.0,19916.2280199,102559923.235,5149.56562718
2017-10-11,4747.9,4869.78,4700.0,4822.01,9866.89562175,47256315.4188,4789.38029046
2017-10-10,4761.67,4909.97,4700.0,4749.29,11666.0249624,56088789.3534,4807.87496462
2017-10-09,4597.97,4865.0,4541.0,4764.7,12923.6666168,60473207.2941,4679.26085432
2017-10-08,4422.72,4612.0,4404.5,4597.98,10083.8668493,45490443.5718,4511.21025811
2017-10-07,4356.09,4463.0,4312.82,4423.3,4646.40562117,20320065.236,4373.28698626
2017-10-06,4301.09,4425.0,4278.4,4362.95,8377.30164966,36552658.1455,4363.29735685
2017-10-05,4219.74,4358.97,4137.96,4301.09,8419.96284162,35912272.841,4265.13436182
2017-10-04,4315.73,4343.0,4170.07,4219.53,8518.99274917,36068254.94,4233.86379141
2017-10-03,4391.41,4425.0,4218.0,4315.83,12468.0572564,53551605.4793,4295.10423139
2017-10-02,4369.33,4453.0,4352.0,4391.48,8259.8186315,36293751.0114,4394.01306864
2017-10-01,4326.09,4377.22,4216.0,4377.22,7211.3351358,30871704.788,4280.99709785
2017-09-30,4162.04,4349.0,4154.28,4326.09,7496.78249925,32073448.8202,4278.29523177
2017-09-29,4183.47,4227.62,4022.02,4164.82,12191.9306513,50336312.6495,4128.65805172
2017-09-28,4202.34,4270.01,4123.5,4184.84,9625.92938226,40309035.7702,4187.54742212
2017-09-27,3883.95,4226.73,3870.0,4199.29,15075.8387166,61255648.5346,4063.16687821
2017-09-26,3920.66,3970.0,3850.61,3888.03,10014.6236712,39220959.7026,3916.36880128
2017-09-25,3667.01,3968.59,3658.39,3918.0,14979.7822629,57632408.0904,3847.34618161
2017-09-24,3781.13,3783.25,3615.0,3664.22,6508.72499023,24009707.8217,3688.84963765
2017-09-23,3611.91,3810.25,3552.0,3779.17,10123.2321355,37609099.7684,3715.12766525
2017-09-22,3607.83,3761.84,3514.0,3612.18,15007.7384495,54271184.8163,3616.21339544
2017-09-21,3864.0,3914.0,3573.0,3617.05,17904.2971721,67012342.1829,3742.80774827
2017-09-20,3888.8,4050.0,3820.56,3874.46,11660.2718133,45847238.8634,3931.91853479
2017-09-19,4102.0,4119.7,3848.35,3888.8,15278.9304404,60404491.5738,3953.45026338
2017-09-18,3662.95,4122.7,3659.42,4101.6,17207.5989244,67988469.4596,3951.07241623
2017-09-17,3669.07,3772.52,3463.0,3662.99,11770.2176505,42657776.5635,3624.21306302
2017-09-16,3699.89,3872.9,3500.0,3678.93,23158.2289107,84905914.7591,3666.33886756
2017-09-15,3227.79,3820.0,2972.01,3700.01,60278.9465418,203168385.983,3370.47008349
2017-09-14,3861.89,3921.74,3210.0,3227.79,41319.3971257,146101729.729,3535.91145787
2017-09-13,4170.6,4179.14,3720.01,3865.34,29636.3809631,115516897.117,3897.8071331
2017-09-12,4198.89,4377.65,4080.0,4172.56,13294.4376974,56268039.7928,4232.44977136
2017-09-11,4226.21,4353.49,4092.4,4207.31,11191.5950439,47148979.9818,4212.89188869
2017-09-10,4322.44,4322.44,4010.0,4226.22,14724.2041439,61040452.0474,4145.58582936
2017-09-09,4327.41,4379.78,4164.0,4308.72,9974.38823453,42689334.6235,4279.89502912
2017-09-08,4615.0,4679.97,4125.99,4312.0,23693.3016226,103569423.201,4371.25331247
2017-09-07,4605.81,4674.34,4475.0,4615.0,9254.85142692,42435328.9868,4585.19829539
2017-09-06,4397.38,4649.23,4356.42,4605.8,16634.1042053,75306805.3678,4527.25343296
2017-09-05,4282.53,4474.88,4001.93,4396.52,20884.2196935,88444473.1491,4234.99055493
2017-09-04,4603.68,4613.97,4058.5,4277.0,25069.12523,107792606.939,4299.81524882
2017-09-03,4599.9,4700.0,4385.0,4606.26,11224.9145563,51112034.9968,4553.44535056
2017-09-02,4921.71,4979.9,4488.5,4599.9,16977.7936223,79492706.8022,4682.15768025
2017-09-01,4734.26,4935.0,4671.09,4921.7,15367.5296974,73889667.5036,4808.1681935
2017-08-31,4573.15,4765.21,4566.66,4734.26,8911.41245939,41726210.489,4682.33410575
2017-08-30,4578.82,4642.22,4479.0,4573.2,8720.03503995,39800539.1574,4564.26367268
2017-08-29,4385.0,4649.78,4336.26,4578.82,11879.6428307,53491168.403,4502.7589773
2017-08-28,4329.91,4399.72,4169.01,4379.99,8641.0024459,37077203.3926,4290.84514497
2017-08-27,4333.38,4393.3,4290.32,4337.68,3979.12445283,17263967.2279,4338.63465006
2017-08-26,4348.17,4369.78,4232.43,4333.38,6559.66860375,28227915.2791,4303.25325626
2017-08-25,4308.8,4449.98,4270.0,4355.98,9699.61003374,42274063.3917,4358.32608163
2017-08-24,4121.78,4350.0,4082.57,4300.34,10782.6943674,45174068.6738,4189.49727542
2017-08-23,4078.0,4248.97,4051.94,4108.12,14979.4034815,62117291.5599,4146.84681114
2017-08-22,3987.51,4139.31,3600.0,4085.0,23522.7581664,91600325.718,3894.11501279
2017-08-21,4058.64,4080.0,3949.78,3987.52,9782.05659401,39203908.9572,4007.73687827
2017-08-20,4091.99,4125.95,4000.0,4058.68,6237.97289632,25289638.5965,4054.14371252
2017-08-19,4100.0,4188.0,3900.0,4099.55,15036.1840511,60604905.5767,4030.60413271
2017-08-18,4260.47,4368.0,3964.96,4100.0,17516.9933608,73224029.243,4180.17109072
2017-08-17,4361.99,4480.0,4167.21,4276.5,14573.1859291,63228604.1925,4338.69467529
2017-08-16,4154.99,4379.78,3926.06,4378.84,12923.6372805,54194325.8006,4193.42671294
2017-08-15,4320.95,4400.0,3800.0,4155.67,25515.7180144,104651369.054,4101.44715486
2017-08-14,4053.87,4329.43,3964.96,4306.23,14212.3042072,59836002.8147,4210.15494336
2017-08-13,3855.04,4190.0,3841.71,4053.87,15889.8297885,63672103.4491,4007.09789195
2017-08-12,3651.74,3934.0,3586.95,3855.1,12351.0746614,46799798.3995,3789.12764131
2017-08-11,3410.0,3705.0,3390.67,3645.06,11927.3733342,41888022.2556,3511.92346226
2017-08-10,3342.99,3448.0,3311.17,3413.03,9031.12128021,30658440.5086,3394.75459994
2017-08-09,3408.46,3423.1,3178.72,3342.99,14286.8441382,47356464.3976,3314.69035004
2017-08-08,3387.54,3490.0,3300.0,3412.41,15835.3702078,54054824.2542,3413.54976517
2017-08-07,3216.78,3430.0,3186.0,3387.55,12046.117265,40225852.0019,3339.32097098
2017-08-06,3263.51,3296.51,3146.1,3222.75,5998.73578852,19412655.9685,3236.12451905
2017-08-05,2851.01,3339.66,2848.32,3263.62,16996.2731009,53861926.0262,3169.04333711
2017-08-04,2793.34,2877.52,2765.91,2855.0,7635.8216719,21650087.6398,2835.33175211
2017-08-03,2703.51,2807.44,2698.83,2793.37,7963.69799924,21938303.9976,2754.78854166
2017-08-02,2732.0,2760.0,2650.0,2703.51,9486.62552563,25701106.0977,2709.19369888
2017-08-01,2855.81,2929.17,2615.0,2731.0,12525.0766911,34322796.5568,2740.32625933
2017-07-31,2745.76,2889.99,2680.01,2855.81,11114.3355422,30777296.2133,2769.15305431
2017-07-30,2681.6,2774.45,2569.69,2742.37,9678.16126067,25848893.0751,2670.84752764
2017-07-29,2777.01,2785.65,2631.78,2680.56,10782.2175368,29159800.9549,2704.4344872
2017-07-28,2666.33,2825.0,2655.82,2777.01,14069.5014921,38675840.6215,2748.91336008
2017-07-27,2524.99,2695.0,2509.63,2666.33,11826.4751995,30470923.8633,2576.50088884
2017-07-26,2564.74,2608.96,2400.0,2524.99,17713.6744658,44091449.2061,2489.11931238
2017-07-25,2759.95,2775.79,2450.0,2564.82,21326.5478389,55120720.8961,2584.60587774
2017-07-24,2756.8,2800.0,2701.0,2759.98,10001.9150661,27562701.0217,2755.74235929
2017-07-23,2824.82,2855.0,2640.0,2749.02,11001.9646007,30310788.7443,2755.03420021
2017-07-22,2667.01,2882.0,2644.59,2832.71,12819.631348,35805144.4115,2792.99329594
2017-07-21,2880.0,2887.45,2611.39,2670.0,20724.1605034,56456355.3376,2724.1805683
2017-07-20,2265.51,2938.0,2265.51,2875.03,30989.8911253,80388738.2266,2594.03099874
2017-07-19,2308.82,2402.5,2223.0,2265.21,17009.8834959,39248446.8642,2307.3906928
2017-07-18,2226.0,2392.0,2164.0,2303.71,25204.4896025,57683997.0658,2288.63976123
2017-07-17,1917.72,2229.97,1910.57,2226.0,26448.5014025,55057438.3526,2081.68461096
2017-07-16,1970.51,2044.44,1830.0,1917.63,25562.7056446,49010482.2342,1917.26505463
2017-07-15,2209.44,2219.99,1967.65,1970.51,19886.6795232,40927009.3695,2058.01120905
2017-07-14,2340.0,2357.84,2140.0,2213.37,12659.0170436,28326253.1148,2237.63448752
2017-07-13,2383.97,2425.16,2312.93,2339.99,8429.85040306,19957908.676,2367.52821482
2017-07-12,2301.55,2408.84,2239.54,2388.0,12883.5549381,30256255.5717,2348.43998548
2017-07-11,2326.12,2399.0,2242.62,2305.98,17580.9616353,41145883.9417,2340.36594785
2017-07-10,2504.0,2527.88,2261.85,2323.45,17296.3404527,41650843.7716,2408.07261429
2017-07-09,2550.13,2564.65,2500.5,2502.28,4483.14413363,11362427.9698,2534.47750755
2017-07-08,2501.46,2555.0,2462.0,2550.07,5405.89088691,13584489.5168,2512.90486637
2017-07-07,2599.01,2605.0,2475.0,2501.46,9430.6154578,23870564.3605,2531.17778658
2017-07-06,2598.37,2614.0,2522.0,2600.39,8333.98094907,21529601.7109,2583.35144302
2017-07-05,2594.52,2623.0,2530.1,2602.9,10882.8390107,27950344.701,2568.29533851
2017-07-04,2540.07,2639.47,2540.07,2596.12,9662.75941445,25107482.8802,2598.37607492
2017-07-03,2504.81,2595.0,2472.68,2550.47,11520.707308,29213705.7379,2535.75626538
2017-07-02,2421.3,2528.72,2374.34,2504.37,8744.53441127,21386273.6839,2445.67322605
2017-07-01,2465.48,2517.11,2390.0,2412.41,8885.89349655,21750491.237,2447.75511269
2017-06-30,2538.41,2564.58,2451.0,2465.49,8715.71676156,21948643.0308,2518.28319245
2017-06-29,2550.99,2594.78,2500.31,2541.59,8125.37763725,20771078.3353,2556.32159668
2017-06-28,2565.0,2593.0,2468.01,2559.9,12274.5453035,31106035.7674,2534.19047291
2017-06-27,2421.21,2565.0,2291.0,2565.0,19129.5965076,45774590.046,2392.86751437
2017-06-26,2502.26,2550.03,2315.01,2421.22,22094.2115107,54096000.6527,2448.42413256
2017-06-25,2557.66,2635.72,2432.0,2502.03,10339.5743741,26249953.8896,2538.78476422
2017-06-24,2685.05,2724.96,2512.13,2557.66,13342.8178558,34944802.7273,2618.9972092
2017-06-23,2713.48,2745.0,2657.46,2685.05,8232.48064925,22348019.565,2714.61549892
2017-06-22,2658.67,2740.0,2594.61,2713.48,10792.7876464,28955845.8582,2682.88849988
2017-06-21,2734.03,2789.0,2611.0,2657.04,15676.3235263,42304860.3098,2698.64679936
2017-06-20,2598.0,2783.0,2581.0,2740.0,15891.6994882,42538164.7421,2676.75365834
2017-06-19,2516.98,2598.0,2480.96,2598.0,10570.672525,27011860.5064,2555.35874775
2017-06-18,2630.06,2665.0,2460.62,2516.98,9424.23118056,24023680.6646,2549.13957482
2017-06-17,2484.68,2674.4,2420.53,2630.0,11142.9851856,28569796.4066,2563.92662566
2017-06-16,2424.96,2540.0,2307.66,2484.68,13802.3932998,33831741.3431,2451.15036271
2017-06-15,2451.42,2516.2,2120.0,2424.91,36751.0913082,84952914.5602,2311.57529032
2017-06-14,2705.99,2801.0,2320.0,2450.0,29478.8202839,76114991.857,2582.02299562
2017-06-13,2656.97,2783.62,2638.62,2703.02,16275.8344125,44217458.2013,2716.75522622
2017-06-12,2954.23,2980.0,2480.03,2667.06,31534.9460555,85799286.223,2720.76844755
2017-06-11,2899.01,2967.46,2861.53,2954.22,6830.60683981,19889995.6813,2911.89291783
2017-06-10,2818.0,2912.98,2800.0,2899.99,9593.36119146,27434766.1166,2859.76578689
2017-06-09,2805.46,2868.23,2780.43,2822.32,8036.31356941,22701156.2423,2824.82210858
2017-06-08,2680.24,2815.0,2613.13,2806.0,13251.4054491,36430027.3017,2749.14441654
2017-06-07,2875.71,2893.28,2612.5,2683.03,16967.0435357,47205426.4401,2782.18337453
2017-06-06,2698.0,2933.0,2689.4,2880.74,26695.6708176,75249106.7769,2818.77564685
2017-06-05,2530.27,2699.35,2525.28,2698.0,12221.444806,31919212.3172,2611.73804111
2017-06-04,2538.1,2569.0,2460.0,2530.27,8828.62494281,22263365.0539,2521.72509288
2017-06-03,2488.94,2584.34,2445.0,2540.94,10810.5846892,27295110.6448,2524.85054503
2017-06-02,2413.58,2489.0,2370.03,2488.94,12428.7005943,30186115.4552,2428.74266913
2017-06-01,2298.01,2456.39,2296.81,2413.63,18401.6636012,43990417.8713,2390.56744132
2017-05-31,2201.7,2334.0,2154.28,2298.01,16279.2924315,36862481.1261,2264.37858286
2017-05-30,2290.18,2339.08,2160.0,2203.51,13888.850973,31434633.5759,2263.29979615
2017-05-29,2172.54,2350.0,2110.0,2292.1,12129.2780859,27376000.7138,2257.01814403
2017-05-28,2042.89,2313.96,2041.48,2178.81,15375.2181261,33655092.7193,2188.91806564
2017-05-27,2280.7,2339.94,1850.0,2042.0,26216.2751269,54113571.7812,2064.12129562
2017-05-26,2277.01,2599.12,2060.0,2279.82,28326.8220144,66466402.5824,2346.41226427
2017-05-25,2420.29,2760.1,2221.0,2292.53,32964.7614259,83028907.0488,2518.71706202
2017-05-24,2265.9,2481.75,2264.64,2420.29,22144.5982011,52782234.6848,2383.52641152
2017-05-23,2088.76,2275.0,2088.45,2264.23,14138.9196683,31139771.5235,2202.41519536
2017-05-22,2017.55,2230.34,2001.0,2099.97,16338.5354063,34535101.5331,2113.72076347
2017-05-21,2013.99,2063.11,1961.52,2017.55,6755.83436855,13647083.7418,2020.044157
2017-05-20,1959.09,2021.0,1914.0,2013.99,12309.9474735,24248476.4862,1969.82777857
2017-05-19,1879.0,1969.99,1874.99,1958.0,14124.6183149,27218796.9176,1927.0465446
2017-05-18,1779.0,1881.8,1766.33,1878.99,11916.1233907,21766168.1252,1826.61486555
2017-05-17,1700.01,1840.42,1670.01,1782.99,17797.3185241,31598676.8747,1775.47403177
2017-05-16,1706.07,1750.0,1641.22,1700.01,16554.0885802,28255380.0189,1706.85204939
2017-05-15,1782.3,1784.0,1682.56,1705.48,13316.8021781,22951575.7929,1723.50504917
2017-05-14,1776.8,1815.0,1753.0,1784.0,4816.73208815,8585557.3932,1782.44445323
2017-05-13,1690.33,1785.82,1601.46,1776.89,10532.2345134,17797259.4555,1689.78951549
2017-05-12,1830.85,1832.0,1650.0,1691.51,17062.8446277,29856372.5419,1749.78868959
2017-05-11,1774.52,1892.0,1745.01,1828.45,14740.2193264,26997283.1085,1831.53876552
2017-05-10,1720.26,1794.21,1682.0,1772.58,11265.3786383,19697560.663,1748.50409342
2017-05-09,1649.55,1760.4,1616.05,1720.28,16807.7332323,28741490.6425,1710.01587456
2017-05-08,1554.38,1653.97,1554.38,1649.54,19262.3535263,30652223.0569,1591.30207091
2017-05-07,1554.04,1565.0,1525.0,1554.01,7667.78585113,11809645.3343,1540.16368788
2017-05-06,1515.39,1578.97,1505.0,1558.02,7901.1428401,12179087.2645,1541.43362688
2017-05-05,1537.36,1609.0,1495.0,1514.9,15603.6843662,24257672.4976,1554.6118422
2017-05-04,1503.25,1623.01,1444.94,1537.23,19548.5297367,30115422.5808,1540.5466798
2017-05-03,1447.75,1516.04,1431.02,1503.22,11077.5894872,16380266.8432,1478.6851293
2017-05-02,1390.86,1481.73,1388.0,1447.75,8920.68985793,12836209.7667,1438.92568525
2017-05-01,1348.88,1425.0,1341.22,1390.86,8604.41493207,11923132.2236,1385.69935525
2017-04-30,1336.77,1356.0,1315.68,1350.21,3536.1758111,4718587.8143,1334.37590956
2017-04-29,1333.93,1342.8,1316.0,1333.0,3927.45061482,5226089.44667,1330.65694752
2017-04-28,1331.0,1347.02,1299.0,1330.7,8234.2755437,10882526.4003,1321.61309669
2017-04-27,1287.92,1342.02,1285.0,1331.53,6669.98746832,8810060.90602,1320.85119318
2017-04-26,1271.4,1330.0,1265.0,1287.99,8707.63904245,11266221.1625,1293.83189951
2017-04-25,1253.57,1280.0,1251.07,1269.0,5249.77353318,6651231.26536,1266.95584549
2017-04-24,1242.0,1254.0,1234.0,1253.58,3048.68890003,3788507.31897,1242.66773134
2017-04-23,1231.85,1248.99,1223.42,1241.99,2604.72196524,3219987.14271,1236.21145968
2017-04-22,1243.6,1247.15,1199.0,1233.2,4173.28321472,5126960.21473,1228.51959739
2017-04-21,1234.93,1252.32,1231.65,1243.61,5023.0385204,6236859.58189,1241.65075712
2017-04-20,1203.98,1243.88,1201.66,1234.19,5972.93539154,7302307.33493,1222.56593387
2017-04-19,1202.59,1209.99,1190.0,1203.98,6046.51943656,7247878.76326,1198.6860936
2017-04-18,1176.59,1210.0,1175.95,1202.58,5514.18240451,6636782.79318,1203.5841955
2017-04-17,1162.31,1192.5,1161.0,1176.54,3568.82507477,4210491.80989,1179.79775463
2017-04-16,1171.0,1179.3,1150.0,1162.31,2663.99028304,3094769.46377,1161.70448649
2017-04-15,1169.53,1192.5,1165.0,1173.45,1804.4507968,2128067.8193,1179.34377766
2017-04-14,1172.56,1193.0,1142.0,1170.34,8982.76789635,10475652.876,1166.19431749
2017-04-13,1212.16,1219.45,1141.0,1172.91,7135.3029565,8410788.79182,1178.75706793
2017-04-12,1218.99,1224.57,1208.0,1212.17,3475.19462571,4224875.80271,1215.72350839
2017-04-11,1209.99,1229.0,1198.02,1218.99,3487.75310814,4229830.76308,1212.76668157
2017-04-10,1205.2,1219.71,1195.0,1209.25,3656.81631296,4416613.86693,1207.77569584
2017-04-09,1184.05,1216.87,1173.98,1206.2,4817.42424874,5764973.9073,1196.69217607
2017-04-08,1190.66,1197.3,1166.66,1184.03,2720.79822734,3224244.36142,1185.03618865
2017-04-07,1190.72,1202.0,1176.0,1190.66,5450.27271426,6486716.49642,1190.16365538
2017-04-06,1134.86,1201.37,1134.36,1190.85,9134.29559762,10690571.4343,1170.3772141
2017-04-05,1143.0,1145.0,1111.0,1134.58,5588.97640824,6299621.44774,1127.15119685
2017-04-04,1146.42,1162.93,1118.85,1143.0,7420.8662382,8471842.70357,1141.6244993
2017-04-03,1076.59,1152.0,1076.19,1144.77,11076.8627306,12487637.6295,1127.36231668
2017-04-02,1083.95,1100.0,1066.49,1078.01,7639.89621671,8274688.32292,1083.08910072
2017-04-01,1071.34,1097.0,1061.64,1083.94,5209.12836262,5617315.77457,1078.36002178
2017-03-31,1033.79,1081.0,1031.43,1070.31,12058.7880946,12711331.6219,1054.11352469
2017-03-30,1037.29,1050.17,1017.14,1033.7,8645.37787081,8919386.17864,1031.69419682
2017-03-29,1042.83,1059.43,1008.16,1035.96,9379.71932021,9675900.39778,1031.57675272
2017-03-28,1039.09,1068.26,1014.9,1043.99,9115.51712488,9538479.5453,1046.40026612
2017-03-27,959.08,1043.0,952.95,1039.92,8687.08711524,8753826.09167,1007.68254946
2017-03-26,956.02,997.0,937.52,960.0,9012.91765111,8743359.97321,970.092073584
2017-03-25,928.1,963.36,891.33,956.02,13507.4354209,12469646.9467,923.169095995
2017-03-24,1030.84,1032.0,920.0,929.06,16072.4170833,15697051.6813,976.645367026
2017-03-23,1037.6,1054.4,1010.69,1029.65,5916.99539286,6134595.7528,1036.7754824
2017-03-22,1114.39,1114.39,988.0,1037.56,14521.2563566,15061002.6279,1037.1693921
2017-03-21,1036.23,1117.9,1034.92,1114.39,11125.4953951,12068049.7199,1084.72021167
2017-03-20,1012.88,1053.0,1010.01,1035.96,7497.91103414,7764665.80857,1035.57721254
2017-03-19,969.4,1063.7,969.4,1017.97,12201.8614116,12333561.0075,1010.79340205
2017-03-18,1068.16,1099.0,944.36,969.4,21292.6043085,21545879.4107,1011.89497999
2017-03-17,1172.0,1173.23,1063.0,1071.02,16704.5732203,18711161.7932,1120.12210946
2017-03-16,1258.75,1258.96,1130.0,1172.62,15246.5527602,18265147.5609,1197.98539697
2017-03-15,1245.82,1260.0,1238.32,1257.32,3930.50022526,4920843.35598,1251.96363668
2017-03-14,1242.46,1260.0,1226.5,1245.86,5745.49650884,7156458.54737,1245.57704219
2017-03-13,1226.42,1249.02,1215.43,1242.46,5637.36296266,6963555.13551,1235.25044984
2017-03-12,1176.58,1241.85,1170.9,1226.62,5793.90851583,7003314.4062,1208.73748473
2017-03-11,1111.55,1198.0,1106.51,1176.55,7346.7869927,8529224.30265,1160.94618112
2017-03-10,1190.99,1350.0,975.0,1116.97,33467.943558,38830456.2918,1160.22833087
2017-03-09,1149.34,1208.0,1135.01,1190.89,7654.73834924,9019820.31778,1178.3316302
2017-03-08,1233.86,1245.49,1145.5,1150.05,13399.4382092,15905595.4481,1187.03450099
2017-03-07,1278.49,1281.62,1175.97,1233.05,14450.0379368,17887749.609,1237.90329736
2017-03-06,1269.98,1285.0,1251.0,1278.49,4249.64793811,5420772.93281,1275.58165094
2017-03-05,1260.0,1275.0,1240.0,1273.0,3026.01739466,3809526.43553,1258.92416952
2017-03-04,1287.38,1289.55,1230.0,1260.0,4951.23210502,6237601.90255,1259.80801753
2017-03-03,1256.32,1298.0,1255.0,1285.33,7545.47720312,9615648.42026,1274.35921697
2017-03-02,1228.0,1283.25,1215.0,1257.6,7762.73243908,9679539.50556,1246.92427332
2017-03-01,1191.16,1231.0,1188.3,1226.39,6013.0658229,7276140.32797,1210.05499395
2017-02-28,1194.64,1209.99,1176.27,1191.21,7562.47409479,9017082.51467,1192.3455739
2017-02-27,1180.46,1197.99,1169.0,1194.64,4640.77358977,5511306.89707,1187.58366261
2017-02-26,1152.11,1184.97,1133.0,1179.05,3536.48621434,4127618.08321,1167.15231816
2017-02-25,1180.05,1184.73,1127.0,1152.2,6238.43763039,7226444.76956,1158.37413111
2017-02-24,1183.53,1220.0,1091.1,1180.14,19598.2310258,23023500.2032,1174.77440556
2017-02-23,1130.02,1193.92,1120.73,1188.11,11753.2385602,13558056.0275,1153.55916228
2017-02-22,1124.83,1143.0,1098.16,1130.01,11673.0892657,13146726.039,1126.24222601
2017-02-21,1084.0,1126.86,1077.0,1124.62,8395.47371599,9273663.17745,1104.60272894
2017-02-20,1051.8,1089.99,1044.39,1084.0,3664.37368596,3902660.35374,1065.0279388
2017-02-19,1056.4,1061.9,1039.07,1051.8,2270.8499116,2388775.4121,1051.93011652
2017-02-18,1055.75,1068.99,1046.14,1056.4,4474.94930623,4745831.61165,1060.53304448
2017-02-17,1032.91,1064.99,1031.98,1055.46,6085.02260605,6386285.1609,1049.50886371
2017-02-16,1011.53,1043.21,1010.75,1032.7,5996.10412989,6170238.8589,1029.0413117
2017-02-15,1008.88,1013.8,1000.97,1011.53,3095.66000003,3123812.21502,1009.0940914
2017-02-14,1000.74,1019.0,987.97,1008.88,6761.10806309,6806110.34205,1006.65605083
2017-02-13,1000.73,1007.89,975.1,1000.79,4547.26036851,4522130.77969,994.473685959
2017-02-12,1011.01,1011.97,991.98,1000.73,2683.99735828,2690265.36983,1002.33532702
2017-02-11,995.49,1020.0,987.62,1012.4,4472.51261675,4509154.72642,1008.19273478
2017-02-10,985.71,1010.68,950.0,996.08,10731.290069,10491584.3702,977.662918688
2017-02-09,1051.73,1074.69,913.73,986.0,25150.070164,25064862.0643,996.612013441
2017-02-08,1052.48,1070.0,1025.0,1050.4,9633.26465194,10072826.835,1045.62961768
2017-02-07,1024.0,1056.25,1021.3,1052.48,5372.1326253,5605838.10668,1043.50329705
2017-02-06,1010.03,1031.94,1005.1,1023.99,5080.84835472,5188721.52258,1021.23132995
2017-02-05,1033.72,1034.6,1004.7,1011.07,4348.17045024,4417546.50579,1015.95522907
2017-02-04,1015.06,1044.23,1004.0,1033.18,5752.28733969,5884560.60284,1022.99489844
2017-02-03,1009.15,1022.64,987.01,1016.99,10928.0242213,11029881.3044,1009.32072267
2017-02-02,983.79,1011.65,973.12,1009.17,8269.68053649,8222686.79034,994.317344432
2017-02-01,963.99,986.96,962.0,983.67,6954.39947163,6748543.96725,970.399240766
2017-01-31,919.99,970.0,917.5,963.99,9507.10183224,9024041.55024,949.189533202
2017-01-30,913.12,923.0,910.0,919.99,3121.18754443,2865063.7274,917.940266842
2017-01-29,918.6,919.99,910.45,912.01,1349.01480033,1234746.08175,915.294688724
2017-01-28,918.02,920.99,913.08,918.6,1175.86352983,1078884.52226,917.525286641
2017-01-27,914.95,924.88,908.01,918.02,4830.53516221,4433746.38119,917.85821494
2017-01-26,893.25,919.49,892.86,914.83,5164.8970199,4688102.25271,907.685522992
2017-01-25,885.47,904.01,884.5,893.43,5291.55474211,4725942.37301,893.110362328
2017-01-24,913.15,923.0,881.48,885.47,9405.046565,8495975.45753,903.342200255
2017-01-23,923.75,927.57,913.21,913.52,3514.74142946,3234454.30326,920.253841762
2017-01-22,921.98,937.74,886.76,923.76,7166.6654789,6569177.19246,916.62952761
2017-01-21,895.81,928.0,895.0,921.98,5865.63203056,5373391.08422,916.080493326
2017-01-20,902.23,902.43,880.0,895.8,6618.62776406,5915865.4867,893.820546734
2017-01-19,887.69,910.0,878.89,901.01,11094.6032976,9929647.20053,894.997949379
2017-01-18,905.95,915.99,851.74,887.7,11181.8988785,9830117.65379,879.109868604
2017-01-17,831.76,908.5,827.0,905.99,12264.1693846,10775497.8647,878.616197054
2017-01-16,821.86,835.0,818.09,831.81,6166.04397741,5107031.21218,828.250857583
2017-01-15,819.52,823.45,808.0,821.86,4231.46390349,3455365.8712,816.588762191
2017-01-14,825.98,837.76,810.0,818.27,6614.71899162,5470214.99177,826.976172185
2017-01-13,807.51,831.4,775.0,825.86,11409.52033,9224729.89012,808.511630927
2017-01-12,778.7,832.99,751.34,807.47,17400.1415546,13632251.4431,783.456352945
2017-01-11,905.24,918.4,755.0,778.62,35893.7683679,29459968.9011,820.754416173
2017-01-10,896.09,912.47,889.41,905.05,8535.5216881,7704271.19995,902.612808153
2017-01-09,909.8,912.87,875.0,896.23,8716.18294096,7780059.0628,892.599331094
2017-01-08,906.2,941.81,881.3,909.75,8937.49270783,8168170.34818,913.921903514
2017-01-07,894.02,907.05,812.28,906.2,20401.113591,17624310.0238,863.889608041
2017-01-06,1004.73,1026.99,871.0,893.89,27916.7030989,25523261.2784,914.264882497
2017-01-05,1114.38,1136.72,885.41,1004.74,36018.8611199,36211399.5269,1005.34548848
2017-01-04,1035.51,1139.89,1028.56,1114.92,21562.456972,23469644.9606,1088.44947453
2017-01-03,1011.44,1039.0,999.99,1035.24,9089.65802529,9276500.30587,1020.55547965
2017-01-02,997.75,1032.0,990.01,1012.54,8167.38103018,8273576.98525,1013.00244897
2017-01-01,966.34,1005.0,960.53,997.75,6850.59330859,6764742.05545,987.468055791
2016-12-31,959.54,966.37,944.11,966.3,4162.92129897,3978648.14783,955.734654128
